--
-- PostgreSQL database dump
--

-- Dumped from database version 14.11 (Ubuntu 14.11-0ubuntu0.22.04.1)
-- Dumped by pg_dump version 14.11 (Ubuntu 14.11-0ubuntu0.22.04.1)

SET statement_timeout = 0;
SET lock_timeout = 0;
SET idle_in_transaction_session_timeout = 0;
SET client_encoding = 'UTF8';
SET standard_conforming_strings = on;
SELECT pg_catalog.set_config('search_path', '', false);
SET check_function_bodies = false;
SET xmloption = content;
SET client_min_messages = warning;
SET row_security = off;

SET default_tablespace = '';

SET default_table_access_method = heap;

--
-- Name: announcement_announcement; Type: TABLE; Schema: public; Owner: makeeasyhmis
--

CREATE TABLE public.announcement_announcement (
    id bigint NOT NULL,
    title character varying(45) NOT NULL,
    content character varying(45) NOT NULL,
    created_at timestamp with time zone NOT NULL,
    file character varying(100),
    created_by_id bigint NOT NULL,
    channel_id bigint NOT NULL
);


ALTER TABLE public.announcement_announcement OWNER TO makeeasyhmis;

--
-- Name: announcement_announcement_id_seq; Type: SEQUENCE; Schema: public; Owner: makeeasyhmis
--

ALTER TABLE public.announcement_announcement ALTER COLUMN id ADD GENERATED BY DEFAULT AS IDENTITY (
    SEQUENCE NAME public.announcement_announcement_id_seq
    START WITH 1
    INCREMENT BY 1
    NO MINVALUE
    NO MAXVALUE
    CACHE 1
);


--
-- Name: announcement_channel; Type: TABLE; Schema: public; Owner: makeeasyhmis
--

CREATE TABLE public.announcement_channel (
    id bigint NOT NULL,
    name character varying(45) NOT NULL,
    photo character varying(100)
);


ALTER TABLE public.announcement_channel OWNER TO makeeasyhmis;

--
-- Name: announcement_channel_id_seq; Type: SEQUENCE; Schema: public; Owner: makeeasyhmis
--

ALTER TABLE public.announcement_channel ALTER COLUMN id ADD GENERATED BY DEFAULT AS IDENTITY (
    SEQUENCE NAME public.announcement_channel_id_seq
    START WITH 1
    INCREMENT BY 1
    NO MINVALUE
    NO MAXVALUE
    CACHE 1
);


--
-- Name: announcement_comment; Type: TABLE; Schema: public; Owner: makeeasyhmis
--

CREATE TABLE public.announcement_comment (
    id bigint NOT NULL,
    title character varying(45) NOT NULL,
    content character varying(45) NOT NULL,
    created_at timestamp with time zone NOT NULL,
    file character varying(100),
    announcement_id bigint NOT NULL,
    created_by_id bigint NOT NULL
);


ALTER TABLE public.announcement_comment OWNER TO makeeasyhmis;

--
-- Name: announcement_comment_id_seq; Type: SEQUENCE; Schema: public; Owner: makeeasyhmis
--

ALTER TABLE public.announcement_comment ALTER COLUMN id ADD GENERATED BY DEFAULT AS IDENTITY (
    SEQUENCE NAME public.announcement_comment_id_seq
    START WITH 1
    INCREMENT BY 1
    NO MINVALUE
    NO MAXVALUE
    CACHE 1
);


--
-- Name: auth_group; Type: TABLE; Schema: public; Owner: makeeasyhmis
--

CREATE TABLE public.auth_group (
    id integer NOT NULL,
    name character varying(150) NOT NULL
);


ALTER TABLE public.auth_group OWNER TO makeeasyhmis;

--
-- Name: auth_group_id_seq; Type: SEQUENCE; Schema: public; Owner: makeeasyhmis
--

ALTER TABLE public.auth_group ALTER COLUMN id ADD GENERATED BY DEFAULT AS IDENTITY (
    SEQUENCE NAME public.auth_group_id_seq
    START WITH 1
    INCREMENT BY 1
    NO MINVALUE
    NO MAXVALUE
    CACHE 1
);


--
-- Name: auth_group_permissions; Type: TABLE; Schema: public; Owner: makeeasyhmis
--

CREATE TABLE public.auth_group_permissions (
    id bigint NOT NULL,
    group_id integer NOT NULL,
    permission_id integer NOT NULL
);


ALTER TABLE public.auth_group_permissions OWNER TO makeeasyhmis;

--
-- Name: auth_group_permissions_id_seq; Type: SEQUENCE; Schema: public; Owner: makeeasyhmis
--

ALTER TABLE public.auth_group_permissions ALTER COLUMN id ADD GENERATED BY DEFAULT AS IDENTITY (
    SEQUENCE NAME public.auth_group_permissions_id_seq
    START WITH 1
    INCREMENT BY 1
    NO MINVALUE
    NO MAXVALUE
    CACHE 1
);


--
-- Name: auth_permission; Type: TABLE; Schema: public; Owner: makeeasyhmis
--

CREATE TABLE public.auth_permission (
    id integer NOT NULL,
    name character varying(255) NOT NULL,
    content_type_id integer NOT NULL,
    codename character varying(100) NOT NULL
);


ALTER TABLE public.auth_permission OWNER TO makeeasyhmis;

--
-- Name: auth_permission_id_seq; Type: SEQUENCE; Schema: public; Owner: makeeasyhmis
--

ALTER TABLE public.auth_permission ALTER COLUMN id ADD GENERATED BY DEFAULT AS IDENTITY (
    SEQUENCE NAME public.auth_permission_id_seq
    START WITH 1
    INCREMENT BY 1
    NO MINVALUE
    NO MAXVALUE
    CACHE 1
);


--
-- Name: authperms_group; Type: TABLE; Schema: public; Owner: makeeasyhmis
--

CREATE TABLE public.authperms_group (
    id bigint NOT NULL,
    name character varying(150) NOT NULL
);


ALTER TABLE public.authperms_group OWNER TO makeeasyhmis;

--
-- Name: authperms_group_id_seq; Type: SEQUENCE; Schema: public; Owner: makeeasyhmis
--

ALTER TABLE public.authperms_group ALTER COLUMN id ADD GENERATED BY DEFAULT AS IDENTITY (
    SEQUENCE NAME public.authperms_group_id_seq
    START WITH 1
    INCREMENT BY 1
    NO MINVALUE
    NO MAXVALUE
    CACHE 1
);


--
-- Name: authperms_group_permissions; Type: TABLE; Schema: public; Owner: makeeasyhmis
--

CREATE TABLE public.authperms_group_permissions (
    id bigint NOT NULL,
    group_id bigint NOT NULL,
    permission_id bigint NOT NULL
);


ALTER TABLE public.authperms_group_permissions OWNER TO makeeasyhmis;

--
-- Name: authperms_group_permissions_id_seq; Type: SEQUENCE; Schema: public; Owner: makeeasyhmis
--

ALTER TABLE public.authperms_group_permissions ALTER COLUMN id ADD GENERATED BY DEFAULT AS IDENTITY (
    SEQUENCE NAME public.authperms_group_permissions_id_seq
    START WITH 1
    INCREMENT BY 1
    NO MINVALUE
    NO MAXVALUE
    CACHE 1
);


--
-- Name: authperms_permission; Type: TABLE; Schema: public; Owner: makeeasyhmis
--

CREATE TABLE public.authperms_permission (
    id bigint NOT NULL,
    name character varying(255) NOT NULL
);


ALTER TABLE public.authperms_permission OWNER TO makeeasyhmis;

--
-- Name: authperms_permission_id_seq; Type: SEQUENCE; Schema: public; Owner: makeeasyhmis
--

ALTER TABLE public.authperms_permission ALTER COLUMN id ADD GENERATED BY DEFAULT AS IDENTITY (
    SEQUENCE NAME public.authperms_permission_id_seq
    START WITH 1
    INCREMENT BY 1
    NO MINVALUE
    NO MAXVALUE
    CACHE 1
);


--
-- Name: billing_invoice; Type: TABLE; Schema: public; Owner: makeeasyhmis
--

CREATE TABLE public.billing_invoice (
    id bigint NOT NULL,
    invoice_number character varying(50),
    invoice_date date,
    invoice_amount numeric(10,2) NOT NULL,
    status character varying(10) NOT NULL,
    invoice_description character varying(200),
    invoice_file character varying(100),
    invoice_created_at timestamp with time zone NOT NULL,
    invoice_updated_at timestamp with time zone NOT NULL,
    patient_id bigint
);


ALTER TABLE public.billing_invoice OWNER TO makeeasyhmis;

--
-- Name: billing_invoice_id_seq; Type: SEQUENCE; Schema: public; Owner: makeeasyhmis
--

ALTER TABLE public.billing_invoice ALTER COLUMN id ADD GENERATED BY DEFAULT AS IDENTITY (
    SEQUENCE NAME public.billing_invoice_id_seq
    START WITH 1
    INCREMENT BY 1
    NO MINVALUE
    NO MAXVALUE
    CACHE 1
);


--
-- Name: billing_invoiceitem; Type: TABLE; Schema: public; Owner: makeeasyhmis
--

CREATE TABLE public.billing_invoiceitem (
    id bigint NOT NULL,
    item_created_at timestamp with time zone NOT NULL,
    item_updated_at timestamp with time zone NOT NULL,
    item_amount numeric(10,2) NOT NULL,
    status character varying(10) NOT NULL,
    invoice_id bigint NOT NULL,
    item_id bigint NOT NULL,
    payment_mode_id bigint
);


ALTER TABLE public.billing_invoiceitem OWNER TO makeeasyhmis;

--
-- Name: billing_invoiceitem_id_seq; Type: SEQUENCE; Schema: public; Owner: makeeasyhmis
--

ALTER TABLE public.billing_invoiceitem ALTER COLUMN id ADD GENERATED BY DEFAULT AS IDENTITY (
    SEQUENCE NAME public.billing_invoiceitem_id_seq
    START WITH 1
    INCREMENT BY 1
    NO MINVALUE
    NO MAXVALUE
    CACHE 1
);


--
-- Name: billing_paymentmode; Type: TABLE; Schema: public; Owner: makeeasyhmis
--

CREATE TABLE public.billing_paymentmode (
    id bigint NOT NULL,
    paymet_mode character varying(20),
    payment_category character varying(20) NOT NULL,
    insurance_id bigint
);


ALTER TABLE public.billing_paymentmode OWNER TO makeeasyhmis;

--
-- Name: billing_paymentmode_id_seq; Type: SEQUENCE; Schema: public; Owner: makeeasyhmis
--

ALTER TABLE public.billing_paymentmode ALTER COLUMN id ADD GENERATED BY DEFAULT AS IDENTITY (
    SEQUENCE NAME public.billing_paymentmode_id_seq
    START WITH 1
    INCREMENT BY 1
    NO MINVALUE
    NO MAXVALUE
    CACHE 1
);


--
-- Name: company_company; Type: TABLE; Schema: public; Owner: makeeasyhmis
--

CREATE TABLE public.company_company (
    id bigint NOT NULL,
    name character varying(250) NOT NULL,
    address1 character varying(250),
    address2 character varying(250),
    phone1 character varying(250),
    phone2 character varying(250),
    email1 character varying(254),
    email2 character varying(254),
    logo character varying(254)
);


ALTER TABLE public.company_company OWNER TO makeeasyhmis;

--
-- Name: company_company_id_seq; Type: SEQUENCE; Schema: public; Owner: makeeasyhmis
--

ALTER TABLE public.company_company ALTER COLUMN id ADD GENERATED BY DEFAULT AS IDENTITY (
    SEQUENCE NAME public.company_company_id_seq
    START WITH 1
    INCREMENT BY 1
    NO MINVALUE
    NO MAXVALUE
    CACHE 1
);


--
-- Name: company_companybranch; Type: TABLE; Schema: public; Owner: makeeasyhmis
--

CREATE TABLE public.company_companybranch (
    id bigint NOT NULL,
    name character varying(250) NOT NULL,
    address character varying(250),
    phone character varying(250),
    email character varying(254),
    logo character varying(254),
    company_id bigint NOT NULL
);


ALTER TABLE public.company_companybranch OWNER TO makeeasyhmis;

--
-- Name: company_companybranch_id_seq; Type: SEQUENCE; Schema: public; Owner: makeeasyhmis
--

ALTER TABLE public.company_companybranch ALTER COLUMN id ADD GENERATED BY DEFAULT AS IDENTITY (
    SEQUENCE NAME public.company_companybranch_id_seq
    START WITH 1
    INCREMENT BY 1
    NO MINVALUE
    NO MAXVALUE
    CACHE 1
);


--
-- Name: company_insurancecompany; Type: TABLE; Schema: public; Owner: makeeasyhmis
--

CREATE TABLE public.company_insurancecompany (
    id bigint NOT NULL,
    name character varying(30) NOT NULL
);


ALTER TABLE public.company_insurancecompany OWNER TO makeeasyhmis;

--
-- Name: company_insurancecompany_id_seq; Type: SEQUENCE; Schema: public; Owner: makeeasyhmis
--

ALTER TABLE public.company_insurancecompany ALTER COLUMN id ADD GENERATED BY DEFAULT AS IDENTITY (
    SEQUENCE NAME public.company_insurancecompany_id_seq
    START WITH 1
    INCREMENT BY 1
    NO MINVALUE
    NO MAXVALUE
    CACHE 1
);


--
-- Name: customuser_customuser; Type: TABLE; Schema: public; Owner: makeeasyhmis
--

CREATE TABLE public.customuser_customuser (
    id bigint NOT NULL,
    password character varying(128) NOT NULL,
    last_login timestamp with time zone,
    is_superuser boolean NOT NULL,
    email character varying(254) NOT NULL,
    phone character varying(30),
    first_name character varying(30) NOT NULL,
    last_name character varying(30) NOT NULL,
    is_active boolean NOT NULL,
    is_staff boolean NOT NULL,
    date_joined timestamp with time zone NOT NULL,
    profession character varying(50),
    date_of_birth date,
    role character varying(20) NOT NULL,
    group_id bigint
);


ALTER TABLE public.customuser_customuser OWNER TO makeeasyhmis;

--
-- Name: customuser_customuser_id_seq; Type: SEQUENCE; Schema: public; Owner: makeeasyhmis
--

ALTER TABLE public.customuser_customuser ALTER COLUMN id ADD GENERATED BY DEFAULT AS IDENTITY (
    SEQUENCE NAME public.customuser_customuser_id_seq
    START WITH 1
    INCREMENT BY 1
    NO MINVALUE
    NO MAXVALUE
    CACHE 1
);


--
-- Name: customuser_customuser_user_permissions; Type: TABLE; Schema: public; Owner: makeeasyhmis
--

CREATE TABLE public.customuser_customuser_user_permissions (
    id bigint NOT NULL,
    customuser_id bigint NOT NULL,
    permission_id bigint NOT NULL
);


ALTER TABLE public.customuser_customuser_user_permissions OWNER TO makeeasyhmis;

--
-- Name: customuser_customuser_user_permissions_id_seq; Type: SEQUENCE; Schema: public; Owner: makeeasyhmis
--

ALTER TABLE public.customuser_customuser_user_permissions ALTER COLUMN id ADD GENERATED BY DEFAULT AS IDENTITY (
    SEQUENCE NAME public.customuser_customuser_user_permissions_id_seq
    START WITH 1
    INCREMENT BY 1
    NO MINVALUE
    NO MAXVALUE
    CACHE 1
);


--
-- Name: customuser_doctorprofile; Type: TABLE; Schema: public; Owner: makeeasyhmis
--

CREATE TABLE public.customuser_doctorprofile (
    id bigint NOT NULL,
    user_id bigint NOT NULL
);


ALTER TABLE public.customuser_doctorprofile OWNER TO makeeasyhmis;

--
-- Name: customuser_doctorprofile_id_seq; Type: SEQUENCE; Schema: public; Owner: makeeasyhmis
--

ALTER TABLE public.customuser_doctorprofile ALTER COLUMN id ADD GENERATED BY DEFAULT AS IDENTITY (
    SEQUENCE NAME public.customuser_doctorprofile_id_seq
    START WITH 1
    INCREMENT BY 1
    NO MINVALUE
    NO MAXVALUE
    CACHE 1
);


--
-- Name: customuser_labtechprofile; Type: TABLE; Schema: public; Owner: makeeasyhmis
--

CREATE TABLE public.customuser_labtechprofile (
    id bigint NOT NULL,
    user_id bigint NOT NULL
);


ALTER TABLE public.customuser_labtechprofile OWNER TO makeeasyhmis;

--
-- Name: customuser_labtechprofile_id_seq; Type: SEQUENCE; Schema: public; Owner: makeeasyhmis
--

ALTER TABLE public.customuser_labtechprofile ALTER COLUMN id ADD GENERATED BY DEFAULT AS IDENTITY (
    SEQUENCE NAME public.customuser_labtechprofile_id_seq
    START WITH 1
    INCREMENT BY 1
    NO MINVALUE
    NO MAXVALUE
    CACHE 1
);


--
-- Name: customuser_nurseprofile; Type: TABLE; Schema: public; Owner: makeeasyhmis
--

CREATE TABLE public.customuser_nurseprofile (
    id bigint NOT NULL,
    user_id bigint NOT NULL
);


ALTER TABLE public.customuser_nurseprofile OWNER TO makeeasyhmis;

--
-- Name: customuser_nurseprofile_id_seq; Type: SEQUENCE; Schema: public; Owner: makeeasyhmis
--

ALTER TABLE public.customuser_nurseprofile ALTER COLUMN id ADD GENERATED BY DEFAULT AS IDENTITY (
    SEQUENCE NAME public.customuser_nurseprofile_id_seq
    START WITH 1
    INCREMENT BY 1
    NO MINVALUE
    NO MAXVALUE
    CACHE 1
);


--
-- Name: customuser_receptionistprofile; Type: TABLE; Schema: public; Owner: makeeasyhmis
--

CREATE TABLE public.customuser_receptionistprofile (
    id uuid NOT NULL,
    user_id bigint NOT NULL
);


ALTER TABLE public.customuser_receptionistprofile OWNER TO makeeasyhmis;

--
-- Name: customuser_sysadminprofile; Type: TABLE; Schema: public; Owner: makeeasyhmis
--

CREATE TABLE public.customuser_sysadminprofile (
    id bigint NOT NULL,
    user_id bigint NOT NULL
);


ALTER TABLE public.customuser_sysadminprofile OWNER TO makeeasyhmis;

--
-- Name: customuser_sysadminprofile_id_seq; Type: SEQUENCE; Schema: public; Owner: makeeasyhmis
--

ALTER TABLE public.customuser_sysadminprofile ALTER COLUMN id ADD GENERATED BY DEFAULT AS IDENTITY (
    SEQUENCE NAME public.customuser_sysadminprofile_id_seq
    START WITH 1
    INCREMENT BY 1
    NO MINVALUE
    NO MAXVALUE
    CACHE 1
);


--
-- Name: django_admin_log; Type: TABLE; Schema: public; Owner: makeeasyhmis
--

CREATE TABLE public.django_admin_log (
    id integer NOT NULL,
    action_time timestamp with time zone NOT NULL,
    object_id text,
    object_repr character varying(200) NOT NULL,
    action_flag smallint NOT NULL,
    change_message text NOT NULL,
    content_type_id integer,
    user_id bigint NOT NULL,
    CONSTRAINT django_admin_log_action_flag_check CHECK ((action_flag >= 0))
);


ALTER TABLE public.django_admin_log OWNER TO makeeasyhmis;

--
-- Name: django_admin_log_id_seq; Type: SEQUENCE; Schema: public; Owner: makeeasyhmis
--

ALTER TABLE public.django_admin_log ALTER COLUMN id ADD GENERATED BY DEFAULT AS IDENTITY (
    SEQUENCE NAME public.django_admin_log_id_seq
    START WITH 1
    INCREMENT BY 1
    NO MINVALUE
    NO MAXVALUE
    CACHE 1
);


--
-- Name: django_content_type; Type: TABLE; Schema: public; Owner: makeeasyhmis
--

CREATE TABLE public.django_content_type (
    id integer NOT NULL,
    app_label character varying(100) NOT NULL,
    model character varying(100) NOT NULL
);


ALTER TABLE public.django_content_type OWNER TO makeeasyhmis;

--
-- Name: django_content_type_id_seq; Type: SEQUENCE; Schema: public; Owner: makeeasyhmis
--

ALTER TABLE public.django_content_type ALTER COLUMN id ADD GENERATED BY DEFAULT AS IDENTITY (
    SEQUENCE NAME public.django_content_type_id_seq
    START WITH 1
    INCREMENT BY 1
    NO MINVALUE
    NO MAXVALUE
    CACHE 1
);


--
-- Name: django_migrations; Type: TABLE; Schema: public; Owner: makeeasyhmis
--

CREATE TABLE public.django_migrations (
    id bigint NOT NULL,
    app character varying(255) NOT NULL,
    name character varying(255) NOT NULL,
    applied timestamp with time zone NOT NULL
);


ALTER TABLE public.django_migrations OWNER TO makeeasyhmis;

--
-- Name: django_migrations_id_seq; Type: SEQUENCE; Schema: public; Owner: makeeasyhmis
--

ALTER TABLE public.django_migrations ALTER COLUMN id ADD GENERATED BY DEFAULT AS IDENTITY (
    SEQUENCE NAME public.django_migrations_id_seq
    START WITH 1
    INCREMENT BY 1
    NO MINVALUE
    NO MAXVALUE
    CACHE 1
);


--
-- Name: django_session; Type: TABLE; Schema: public; Owner: makeeasyhmis
--

CREATE TABLE public.django_session (
    session_key character varying(40) NOT NULL,
    session_data text NOT NULL,
    expire_date timestamp with time zone NOT NULL
);


ALTER TABLE public.django_session OWNER TO makeeasyhmis;

--
-- Name: inventory_department; Type: TABLE; Schema: public; Owner: makeeasyhmis
--

CREATE TABLE public.inventory_department (
    id bigint NOT NULL,
    name character varying(100) NOT NULL,
    date_created timestamp with time zone
);


ALTER TABLE public.inventory_department OWNER TO makeeasyhmis;

--
-- Name: inventory_department_id_seq; Type: SEQUENCE; Schema: public; Owner: makeeasyhmis
--

ALTER TABLE public.inventory_department ALTER COLUMN id ADD GENERATED BY DEFAULT AS IDENTITY (
    SEQUENCE NAME public.inventory_department_id_seq
    START WITH 1
    INCREMENT BY 1
    NO MINVALUE
    NO MAXVALUE
    CACHE 1
);


--
-- Name: inventory_departmentinventory; Type: TABLE; Schema: public; Owner: makeeasyhmis
--

CREATE TABLE public.inventory_departmentinventory (
    id bigint NOT NULL,
    packed character varying(255) NOT NULL,
    subpacked character varying(255) NOT NULL,
    date_created timestamp with time zone,
    department_id bigint,
    item_id bigint NOT NULL
);


ALTER TABLE public.inventory_departmentinventory OWNER TO makeeasyhmis;

--
-- Name: inventory_departmentinventory_id_seq; Type: SEQUENCE; Schema: public; Owner: makeeasyhmis
--

ALTER TABLE public.inventory_departmentinventory ALTER COLUMN id ADD GENERATED BY DEFAULT AS IDENTITY (
    SEQUENCE NAME public.inventory_departmentinventory_id_seq
    START WITH 1
    INCREMENT BY 1
    NO MINVALUE
    NO MAXVALUE
    CACHE 1
);


--
-- Name: inventory_incomingitem; Type: TABLE; Schema: public; Owner: makeeasyhmis
--

CREATE TABLE public.inventory_incomingitem (
    id bigint NOT NULL,
    purchase_price numeric(10,2),
    sale_price numeric(10,2) NOT NULL,
    packed character varying(255) NOT NULL,
    subpacked character varying(255) NOT NULL,
    date_created timestamp with time zone,
    quantity integer NOT NULL,
    category_one character varying(255) NOT NULL,
    item_id bigint NOT NULL,
    purchase_order_id bigint,
    supplier_id bigint,
    item_code character varying(255) NOT NULL
);


ALTER TABLE public.inventory_incomingitem OWNER TO makeeasyhmis;

--
-- Name: inventory_incomingitem_id_seq; Type: SEQUENCE; Schema: public; Owner: makeeasyhmis
--

ALTER TABLE public.inventory_incomingitem ALTER COLUMN id ADD GENERATED BY DEFAULT AS IDENTITY (
    SEQUENCE NAME public.inventory_incomingitem_id_seq
    START WITH 1
    INCREMENT BY 1
    NO MINVALUE
    NO MAXVALUE
    CACHE 1
);


--
-- Name: inventory_incomingitemsreceiptnote; Type: TABLE; Schema: public; Owner: makeeasyhmis
--

CREATE TABLE public.inventory_incomingitemsreceiptnote (
    id bigint NOT NULL,
    goods_receipt_number character varying(100) NOT NULL
);


ALTER TABLE public.inventory_incomingitemsreceiptnote OWNER TO makeeasyhmis;

--
-- Name: inventory_incomingitemsreceiptnote_id_seq; Type: SEQUENCE; Schema: public; Owner: makeeasyhmis
--

ALTER TABLE public.inventory_incomingitemsreceiptnote ALTER COLUMN id ADD GENERATED BY DEFAULT AS IDENTITY (
    SEQUENCE NAME public.inventory_incomingitemsreceiptnote_id_seq
    START WITH 1
    INCREMENT BY 1
    NO MINVALUE
    NO MAXVALUE
    CACHE 1
);


--
-- Name: inventory_inventory; Type: TABLE; Schema: public; Owner: makeeasyhmis
--

CREATE TABLE public.inventory_inventory (
    id bigint NOT NULL,
    packed character varying(255) NOT NULL,
    subpacked character varying(255) NOT NULL,
    date_created timestamp with time zone,
    category_one character varying(255) NOT NULL,
    item_id bigint NOT NULL,
    purchase_price numeric(10,2),
    quantity_in_stock integer NOT NULL,
    sale_price numeric(10,2) NOT NULL
);


ALTER TABLE public.inventory_inventory OWNER TO makeeasyhmis;

--
-- Name: inventory_inventory_id_seq; Type: SEQUENCE; Schema: public; Owner: makeeasyhmis
--

ALTER TABLE public.inventory_inventory ALTER COLUMN id ADD GENERATED BY DEFAULT AS IDENTITY (
    SEQUENCE NAME public.inventory_inventory_id_seq
    START WITH 1
    INCREMENT BY 1
    NO MINVALUE
    NO MAXVALUE
    CACHE 1
);


--
-- Name: inventory_inventoryinsurancesaleprice; Type: TABLE; Schema: public; Owner: makeeasyhmis
--

CREATE TABLE public.inventory_inventoryinsurancesaleprice (
    id bigint NOT NULL,
    sale_price numeric(10,2) NOT NULL,
    insurance_company_id bigint NOT NULL,
    inventory_item_id bigint NOT NULL
);


ALTER TABLE public.inventory_inventoryinsurancesaleprice OWNER TO makeeasyhmis;

--
-- Name: inventory_inventoryinsurancesaleprice_id_seq; Type: SEQUENCE; Schema: public; Owner: makeeasyhmis
--

ALTER TABLE public.inventory_inventoryinsurancesaleprice ALTER COLUMN id ADD GENERATED BY DEFAULT AS IDENTITY (
    SEQUENCE NAME public.inventory_inventoryinsurancesaleprice_id_seq
    START WITH 1
    INCREMENT BY 1
    NO MINVALUE
    NO MAXVALUE
    CACHE 1
);


--
-- Name: inventory_item; Type: TABLE; Schema: public; Owner: makeeasyhmis
--

CREATE TABLE public.inventory_item (
    id bigint NOT NULL,
    name character varying(255) NOT NULL,
    "desc" character varying(255) NOT NULL,
    category character varying(255) NOT NULL,
    units_of_measure character varying(255) NOT NULL,
    date_created timestamp with time zone,
    item_code character varying(255) NOT NULL,
    buying_price numeric(10,2) NOT NULL,
    selling_price numeric(10,2) NOT NULL,
    vat_rate numeric(5,2) NOT NULL,
    quantity_at_hand integer NOT NULL,
    re_order_level integer NOT NULL
);


ALTER TABLE public.inventory_item OWNER TO makeeasyhmis;

--
-- Name: inventory_item_id_seq; Type: SEQUENCE; Schema: public; Owner: makeeasyhmis
--

ALTER TABLE public.inventory_item ALTER COLUMN id ADD GENERATED BY DEFAULT AS IDENTITY (
    SEQUENCE NAME public.inventory_item_id_seq
    START WITH 1
    INCREMENT BY 1
    NO MINVALUE
    NO MAXVALUE
    CACHE 1
);


--
-- Name: inventory_purchaseorder; Type: TABLE; Schema: public; Owner: makeeasyhmis
--

CREATE TABLE public.inventory_purchaseorder (
    id bigint NOT NULL,
    date_created timestamp with time zone NOT NULL,
    file character varying(100),
    requisition_id bigint,
    "PO_number" character varying NOT NULL,
    approved_by_id bigint,
    is_dispatched boolean NOT NULL,
    ordered_by_id bigint NOT NULL
);


ALTER TABLE public.inventory_purchaseorder OWNER TO makeeasyhmis;

--
-- Name: inventory_purchaseorder_id_seq; Type: SEQUENCE; Schema: public; Owner: makeeasyhmis
--

ALTER TABLE public.inventory_purchaseorder ALTER COLUMN id ADD GENERATED BY DEFAULT AS IDENTITY (
    SEQUENCE NAME public.inventory_purchaseorder_id_seq
    START WITH 1
    INCREMENT BY 1
    NO MINVALUE
    NO MAXVALUE
    CACHE 1
);


--
-- Name: inventory_purchaseorderitem; Type: TABLE; Schema: public; Owner: makeeasyhmis
--

CREATE TABLE public.inventory_purchaseorderitem (
    id bigint NOT NULL,
    date_created timestamp with time zone NOT NULL,
    purchase_order_id bigint NOT NULL,
    supplier_id bigint,
    requisition_item_id bigint
);


ALTER TABLE public.inventory_purchaseorderitem OWNER TO makeeasyhmis;

--
-- Name: inventory_purchaseorderitem_id_seq; Type: SEQUENCE; Schema: public; Owner: makeeasyhmis
--

ALTER TABLE public.inventory_purchaseorderitem ALTER COLUMN id ADD GENERATED BY DEFAULT AS IDENTITY (
    SEQUENCE NAME public.inventory_purchaseorderitem_id_seq
    START WITH 1
    INCREMENT BY 1
    NO MINVALUE
    NO MAXVALUE
    CACHE 1
);


--
-- Name: inventory_requisition; Type: TABLE; Schema: public; Owner: makeeasyhmis
--

CREATE TABLE public.inventory_requisition (
    id bigint NOT NULL,
    date_created timestamp with time zone NOT NULL,
    file character varying(100),
    requested_by_id bigint NOT NULL,
    approved_by_id bigint,
    department_approved boolean NOT NULL,
    procurement_approved boolean NOT NULL,
    department_id bigint NOT NULL,
    requisition_number character varying(50) NOT NULL,
    department_approval_date timestamp with time zone,
    procurement_approval_date timestamp with time zone
);


ALTER TABLE public.inventory_requisition OWNER TO makeeasyhmis;

--
-- Name: inventory_requisition_id_seq; Type: SEQUENCE; Schema: public; Owner: makeeasyhmis
--

ALTER TABLE public.inventory_requisition ALTER COLUMN id ADD GENERATED BY DEFAULT AS IDENTITY (
    SEQUENCE NAME public.inventory_requisition_id_seq
    START WITH 1
    INCREMENT BY 1
    NO MINVALUE
    NO MAXVALUE
    CACHE 1
);


--
-- Name: inventory_requisitionitem; Type: TABLE; Schema: public; Owner: makeeasyhmis
--

CREATE TABLE public.inventory_requisitionitem (
    id bigint NOT NULL,
    quantity_requested integer NOT NULL,
    date_created timestamp with time zone NOT NULL,
    item_id bigint NOT NULL,
    requisition_id bigint NOT NULL,
    preferred_supplier_id bigint,
    ordered boolean NOT NULL,
    quantity_approved integer NOT NULL
);


ALTER TABLE public.inventory_requisitionitem OWNER TO makeeasyhmis;

--
-- Name: inventory_requisitionitem_id_seq; Type: SEQUENCE; Schema: public; Owner: makeeasyhmis
--

ALTER TABLE public.inventory_requisitionitem ALTER COLUMN id ADD GENERATED BY DEFAULT AS IDENTITY (
    SEQUENCE NAME public.inventory_requisitionitem_id_seq
    START WITH 1
    INCREMENT BY 1
    NO MINVALUE
    NO MAXVALUE
    CACHE 1
);


--
-- Name: inventory_supplier; Type: TABLE; Schema: public; Owner: makeeasyhmis
--

CREATE TABLE public.inventory_supplier (
    id bigint NOT NULL,
    official_name character varying(255) NOT NULL,
    date_created timestamp with time zone,
    common_name character varying(30) NOT NULL
);


ALTER TABLE public.inventory_supplier OWNER TO makeeasyhmis;

--
-- Name: inventory_supplier_id_seq; Type: SEQUENCE; Schema: public; Owner: makeeasyhmis
--

ALTER TABLE public.inventory_supplier ALTER COLUMN id ADD GENERATED BY DEFAULT AS IDENTITY (
    SEQUENCE NAME public.inventory_supplier_id_seq
    START WITH 1
    INCREMENT BY 1
    NO MINVALUE
    NO MAXVALUE
    CACHE 1
);


--
-- Name: laboratory_equipmenttestrequest; Type: TABLE; Schema: public; Owner: makeeasyhmis
--

CREATE TABLE public.laboratory_equipmenttestrequest (
    id bigint NOT NULL,
    equipment_id bigint NOT NULL,
    test_request_panel_id bigint NOT NULL
);


ALTER TABLE public.laboratory_equipmenttestrequest OWNER TO makeeasyhmis;

--
-- Name: laboratory_equipmenttestrequest_id_seq; Type: SEQUENCE; Schema: public; Owner: makeeasyhmis
--

ALTER TABLE public.laboratory_equipmenttestrequest ALTER COLUMN id ADD GENERATED BY DEFAULT AS IDENTITY (
    SEQUENCE NAME public.laboratory_equipmenttestrequest_id_seq
    START WITH 1
    INCREMENT BY 1
    NO MINVALUE
    NO MAXVALUE
    CACHE 1
);


--
-- Name: laboratory_labequipment; Type: TABLE; Schema: public; Owner: makeeasyhmis
--

CREATE TABLE public.laboratory_labequipment (
    id bigint NOT NULL,
    name character varying(250) NOT NULL,
    category character varying(10) NOT NULL,
    ip_address inet,
    port character varying(20),
    data_format character varying(10) NOT NULL
);


ALTER TABLE public.laboratory_labequipment OWNER TO makeeasyhmis;

--
-- Name: laboratory_labequipment_id_seq; Type: SEQUENCE; Schema: public; Owner: makeeasyhmis
--

ALTER TABLE public.laboratory_labequipment ALTER COLUMN id ADD GENERATED BY DEFAULT AS IDENTITY (
    SEQUENCE NAME public.laboratory_labequipment_id_seq
    START WITH 1
    INCREMENT BY 1
    NO MINVALUE
    NO MAXVALUE
    CACHE 1
);


--
-- Name: laboratory_labreagent; Type: TABLE; Schema: public; Owner: makeeasyhmis
--

CREATE TABLE public.laboratory_labreagent (
    id bigint NOT NULL,
    name character varying(255) NOT NULL,
    cas_number character varying(255) NOT NULL,
    molecular_weight numeric(10,2) NOT NULL,
    purity numeric(10,2) NOT NULL,
    item_number_id bigint NOT NULL
);


ALTER TABLE public.laboratory_labreagent OWNER TO makeeasyhmis;

--
-- Name: laboratory_labreagent_id_seq; Type: SEQUENCE; Schema: public; Owner: makeeasyhmis
--

ALTER TABLE public.laboratory_labreagent ALTER COLUMN id ADD GENERATED BY DEFAULT AS IDENTITY (
    SEQUENCE NAME public.laboratory_labreagent_id_seq
    START WITH 1
    INCREMENT BY 1
    NO MINVALUE
    NO MAXVALUE
    CACHE 1
);


--
-- Name: laboratory_labtestpanel; Type: TABLE; Schema: public; Owner: makeeasyhmis
--

CREATE TABLE public.laboratory_labtestpanel (
    id bigint NOT NULL,
    name character varying(255) NOT NULL,
    unit character varying(10) NOT NULL,
    is_qualitative boolean NOT NULL,
    is_quantitative boolean NOT NULL,
    item_id bigint NOT NULL,
    test_profile_id bigint NOT NULL,
    specimen_id bigint
);


ALTER TABLE public.laboratory_labtestpanel OWNER TO makeeasyhmis;

--
-- Name: laboratory_labtestpanel_id_seq; Type: SEQUENCE; Schema: public; Owner: makeeasyhmis
--

ALTER TABLE public.laboratory_labtestpanel ALTER COLUMN id ADD GENERATED BY DEFAULT AS IDENTITY (
    SEQUENCE NAME public.laboratory_labtestpanel_id_seq
    START WITH 1
    INCREMENT BY 1
    NO MINVALUE
    NO MAXVALUE
    CACHE 1
);


--
-- Name: laboratory_labtestprofile; Type: TABLE; Schema: public; Owner: makeeasyhmis
--

CREATE TABLE public.laboratory_labtestprofile (
    id bigint NOT NULL,
    name character varying(255) NOT NULL
);


ALTER TABLE public.laboratory_labtestprofile OWNER TO makeeasyhmis;

--
-- Name: laboratory_labtestprofile_id_seq; Type: SEQUENCE; Schema: public; Owner: makeeasyhmis
--

ALTER TABLE public.laboratory_labtestprofile ALTER COLUMN id ADD GENERATED BY DEFAULT AS IDENTITY (
    SEQUENCE NAME public.laboratory_labtestprofile_id_seq
    START WITH 1
    INCREMENT BY 1
    NO MINVALUE
    NO MAXVALUE
    CACHE 1
);


--
-- Name: laboratory_labtestrequest; Type: TABLE; Schema: public; Owner: makeeasyhmis
--

CREATE TABLE public.laboratory_labtestrequest (
    id bigint NOT NULL,
    note text,
    requested_on time without time zone,
    has_result boolean NOT NULL,
    created_on date NOT NULL,
    requested_by_id bigint,
    test_profile_id bigint,
    process_id bigint
);


ALTER TABLE public.laboratory_labtestrequest OWNER TO makeeasyhmis;

--
-- Name: laboratory_labtestrequest_id_seq; Type: SEQUENCE; Schema: public; Owner: makeeasyhmis
--

ALTER TABLE public.laboratory_labtestrequest ALTER COLUMN id ADD GENERATED BY DEFAULT AS IDENTITY (
    SEQUENCE NAME public.laboratory_labtestrequest_id_seq
    START WITH 1
    INCREMENT BY 1
    NO MINVALUE
    NO MAXVALUE
    CACHE 1
);


--
-- Name: laboratory_labtestrequestpanel; Type: TABLE; Schema: public; Owner: makeeasyhmis
--

CREATE TABLE public.laboratory_labtestrequestpanel (
    id bigint NOT NULL,
    result character varying(45),
    test_code character varying(100),
    category character varying(30) NOT NULL,
    result_approved boolean NOT NULL,
    approved_on timestamp with time zone,
    is_billed boolean NOT NULL,
    lab_test_request_id bigint NOT NULL,
    test_panel_id bigint NOT NULL,
    patient_sample_id bigint
);


ALTER TABLE public.laboratory_labtestrequestpanel OWNER TO makeeasyhmis;

--
-- Name: laboratory_labtestrequestpanel_id_seq; Type: SEQUENCE; Schema: public; Owner: makeeasyhmis
--

ALTER TABLE public.laboratory_labtestrequestpanel ALTER COLUMN id ADD GENERATED BY DEFAULT AS IDENTITY (
    SEQUENCE NAME public.laboratory_labtestrequestpanel_id_seq
    START WITH 1
    INCREMENT BY 1
    NO MINVALUE
    NO MAXVALUE
    CACHE 1
);


--
-- Name: laboratory_patientsample; Type: TABLE; Schema: public; Owner: makeeasyhmis
--

CREATE TABLE public.laboratory_patientsample (
    id bigint NOT NULL,
    patient_sample_code character varying(100) NOT NULL,
    is_sample_collected boolean NOT NULL,
    lab_test_request_id bigint,
    process_id bigint,
    specimen_id bigint NOT NULL
);


ALTER TABLE public.laboratory_patientsample OWNER TO makeeasyhmis;

--
-- Name: laboratory_patientsample_id_seq; Type: SEQUENCE; Schema: public; Owner: makeeasyhmis
--

ALTER TABLE public.laboratory_patientsample ALTER COLUMN id ADD GENERATED BY DEFAULT AS IDENTITY (
    SEQUENCE NAME public.laboratory_patientsample_id_seq
    START WITH 1
    INCREMENT BY 1
    NO MINVALUE
    NO MAXVALUE
    CACHE 1
);


--
-- Name: laboratory_processtestrequest; Type: TABLE; Schema: public; Owner: makeeasyhmis
--

CREATE TABLE public.laboratory_processtestrequest (
    id bigint NOT NULL,
    reference character varying(40) NOT NULL
);


ALTER TABLE public.laboratory_processtestrequest OWNER TO makeeasyhmis;

--
-- Name: laboratory_processtestrequest_id_seq; Type: SEQUENCE; Schema: public; Owner: makeeasyhmis
--

ALTER TABLE public.laboratory_processtestrequest ALTER COLUMN id ADD GENERATED BY DEFAULT AS IDENTITY (
    SEQUENCE NAME public.laboratory_processtestrequest_id_seq
    START WITH 1
    INCREMENT BY 1
    NO MINVALUE
    NO MAXVALUE
    CACHE 1
);


--
-- Name: laboratory_publiclabtestrequest; Type: TABLE; Schema: public; Owner: makeeasyhmis
--

CREATE TABLE public.laboratory_publiclabtestrequest (
    id bigint NOT NULL,
    appointment_date date NOT NULL,
    status character varying(10) NOT NULL,
    date_created date NOT NULL,
    date_changed date NOT NULL,
    lab_request character varying(254),
    sample_collected boolean,
    sample_id character varying(100),
    test_profile_id bigint NOT NULL
);


ALTER TABLE public.laboratory_publiclabtestrequest OWNER TO makeeasyhmis;

--
-- Name: laboratory_publiclabtestrequest_id_seq; Type: SEQUENCE; Schema: public; Owner: makeeasyhmis
--

ALTER TABLE public.laboratory_publiclabtestrequest ALTER COLUMN id ADD GENERATED BY DEFAULT AS IDENTITY (
    SEQUENCE NAME public.laboratory_publiclabtestrequest_id_seq
    START WITH 1
    INCREMENT BY 1
    NO MINVALUE
    NO MAXVALUE
    CACHE 1
);


--
-- Name: laboratory_referencevalue; Type: TABLE; Schema: public; Owner: makeeasyhmis
--

CREATE TABLE public.laboratory_referencevalue (
    id bigint NOT NULL,
    sex character varying(1) NOT NULL,
    age_min integer,
    age_max integer,
    ref_value_low numeric(10,2) NOT NULL,
    ref_value_high numeric(10,2) NOT NULL,
    lab_test_panel_id bigint NOT NULL
);


ALTER TABLE public.laboratory_referencevalue OWNER TO makeeasyhmis;

--
-- Name: laboratory_referencevalue_id_seq; Type: SEQUENCE; Schema: public; Owner: makeeasyhmis
--

ALTER TABLE public.laboratory_referencevalue ALTER COLUMN id ADD GENERATED BY DEFAULT AS IDENTITY (
    SEQUENCE NAME public.laboratory_referencevalue_id_seq
    START WITH 1
    INCREMENT BY 1
    NO MINVALUE
    NO MAXVALUE
    CACHE 1
);


--
-- Name: laboratory_specimen; Type: TABLE; Schema: public; Owner: makeeasyhmis
--

CREATE TABLE public.laboratory_specimen (
    id bigint NOT NULL,
    name character varying(255) NOT NULL
);


ALTER TABLE public.laboratory_specimen OWNER TO makeeasyhmis;

--
-- Name: laboratory_specimen_id_seq; Type: SEQUENCE; Schema: public; Owner: makeeasyhmis
--

ALTER TABLE public.laboratory_specimen ALTER COLUMN id ADD GENERATED BY DEFAULT AS IDENTITY (
    SEQUENCE NAME public.laboratory_specimen_id_seq
    START WITH 1
    INCREMENT BY 1
    NO MINVALUE
    NO MAXVALUE
    CACHE 1
);


--
-- Name: patient_appointment; Type: TABLE; Schema: public; Owner: makeeasyhmis
--

CREATE TABLE public.patient_appointment (
    id bigint NOT NULL,
    appointment_date_time timestamp with time zone,
    status character varying(10) NOT NULL,
    reason text,
    date_created timestamp with time zone NOT NULL,
    date_changed timestamp with time zone NOT NULL,
    assigned_doctor_id bigint,
    item_id bigint,
    patient_id bigint NOT NULL
);


ALTER TABLE public.patient_appointment OWNER TO makeeasyhmis;

--
-- Name: patient_appointment_id_seq; Type: SEQUENCE; Schema: public; Owner: makeeasyhmis
--

ALTER TABLE public.patient_appointment ALTER COLUMN id ADD GENERATED BY DEFAULT AS IDENTITY (
    SEQUENCE NAME public.patient_appointment_id_seq
    START WITH 1
    INCREMENT BY 1
    NO MINVALUE
    NO MAXVALUE
    CACHE 1
);


--
-- Name: patient_attendanceprocess; Type: TABLE; Schema: public; Owner: makeeasyhmis
--

CREATE TABLE public.patient_attendanceprocess (
    id bigint NOT NULL,
    track_number character varying(50),
    patient_number character varying(8) NOT NULL,
    reason text NOT NULL,
    track character varying(50) NOT NULL,
    created_at timestamp with time zone NOT NULL,
    doctor_id bigint,
    invoice_id bigint,
    lab_tech_id bigint,
    pharmacist_id bigint,
    process_test_req_id bigint,
    patient_id bigint NOT NULL,
    prescription_id bigint,
    triage_id bigint
);


ALTER TABLE public.patient_attendanceprocess OWNER TO makeeasyhmis;

--
-- Name: patient_attendanceprocess_id_seq; Type: SEQUENCE; Schema: public; Owner: makeeasyhmis
--

ALTER TABLE public.patient_attendanceprocess ALTER COLUMN id ADD GENERATED BY DEFAULT AS IDENTITY (
    SEQUENCE NAME public.patient_attendanceprocess_id_seq
    START WITH 1
    INCREMENT BY 1
    NO MINVALUE
    NO MAXVALUE
    CACHE 1
);


--
-- Name: patient_consultation; Type: TABLE; Schema: public; Owner: makeeasyhmis
--

CREATE TABLE public.patient_consultation (
    id bigint NOT NULL,
    date_created timestamp with time zone NOT NULL,
    note text,
    complaint text,
    fee numeric(10,2) NOT NULL,
    disposition character varying(10) NOT NULL,
    doctor_id bigint NOT NULL,
    patient_id bigint NOT NULL
);


ALTER TABLE public.patient_consultation OWNER TO makeeasyhmis;

--
-- Name: patient_consultation_id_seq; Type: SEQUENCE; Schema: public; Owner: makeeasyhmis
--

ALTER TABLE public.patient_consultation ALTER COLUMN id ADD GENERATED BY DEFAULT AS IDENTITY (
    SEQUENCE NAME public.patient_consultation_id_seq
    START WITH 1
    INCREMENT BY 1
    NO MINVALUE
    NO MAXVALUE
    CACHE 1
);


--
-- Name: patient_contactdetails; Type: TABLE; Schema: public; Owner: makeeasyhmis
--

CREATE TABLE public.patient_contactdetails (
    id bigint NOT NULL,
    tel_no integer NOT NULL,
    email_address character varying(254) NOT NULL,
    residence character varying(30) NOT NULL
);


ALTER TABLE public.patient_contactdetails OWNER TO makeeasyhmis;

--
-- Name: patient_contactdetails_id_seq; Type: SEQUENCE; Schema: public; Owner: makeeasyhmis
--

ALTER TABLE public.patient_contactdetails ALTER COLUMN id ADD GENERATED BY DEFAULT AS IDENTITY (
    SEQUENCE NAME public.patient_contactdetails_id_seq
    START WITH 1
    INCREMENT BY 1
    NO MINVALUE
    NO MAXVALUE
    CACHE 1
);


--
-- Name: patient_nextofkin; Type: TABLE; Schema: public; Owner: makeeasyhmis
--

CREATE TABLE public.patient_nextofkin (
    id bigint NOT NULL,
    first_name character varying(40) NOT NULL,
    second_name character varying(40) NOT NULL,
    relationship character varying(40) NOT NULL,
    contacts_id bigint NOT NULL,
    patient_id bigint NOT NULL
);


ALTER TABLE public.patient_nextofkin OWNER TO makeeasyhmis;

--
-- Name: patient_nextofkin_id_seq; Type: SEQUENCE; Schema: public; Owner: makeeasyhmis
--

ALTER TABLE public.patient_nextofkin ALTER COLUMN id ADD GENERATED BY DEFAULT AS IDENTITY (
    SEQUENCE NAME public.patient_nextofkin_id_seq
    START WITH 1
    INCREMENT BY 1
    NO MINVALUE
    NO MAXVALUE
    CACHE 1
);


--
-- Name: patient_patient; Type: TABLE; Schema: public; Owner: makeeasyhmis
--

CREATE TABLE public.patient_patient (
    id bigint NOT NULL,
    unique_id character varying(8) NOT NULL,
    first_name character varying(40) NOT NULL,
    phone character varying(30),
    second_name character varying(40) NOT NULL,
    date_of_birth date,
    email character varying(254),
    gender character varying(1),
    user_id bigint
);


ALTER TABLE public.patient_patient OWNER TO makeeasyhmis;

--
-- Name: patient_patient_id_seq; Type: SEQUENCE; Schema: public; Owner: makeeasyhmis
--

ALTER TABLE public.patient_patient ALTER COLUMN id ADD GENERATED BY DEFAULT AS IDENTITY (
    SEQUENCE NAME public.patient_patient_id_seq
    START WITH 1
    INCREMENT BY 1
    NO MINVALUE
    NO MAXVALUE
    CACHE 1
);


--
-- Name: patient_patient_insurances; Type: TABLE; Schema: public; Owner: makeeasyhmis
--

CREATE TABLE public.patient_patient_insurances (
    id bigint NOT NULL,
    patient_id bigint NOT NULL,
    insurancecompany_id bigint NOT NULL
);


ALTER TABLE public.patient_patient_insurances OWNER TO makeeasyhmis;

--
-- Name: patient_patient_insurances_id_seq; Type: SEQUENCE; Schema: public; Owner: makeeasyhmis
--

ALTER TABLE public.patient_patient_insurances ALTER COLUMN id ADD GENERATED BY DEFAULT AS IDENTITY (
    SEQUENCE NAME public.patient_patient_insurances_id_seq
    START WITH 1
    INCREMENT BY 1
    NO MINVALUE
    NO MAXVALUE
    CACHE 1
);


--
-- Name: patient_prescribeddrug; Type: TABLE; Schema: public; Owner: makeeasyhmis
--

CREATE TABLE public.patient_prescribeddrug (
    id bigint NOT NULL,
    dosage character varying(45) NOT NULL,
    frequency character varying(45) NOT NULL,
    duration character varying(45) NOT NULL,
    note text,
    is_dispensed boolean NOT NULL,
    quantity integer NOT NULL,
    is_billed boolean NOT NULL,
    created_on date NOT NULL,
    item_id bigint NOT NULL,
    prescription_id bigint,
    CONSTRAINT patient_prescribeddrug_quantity_check CHECK ((quantity >= 0))
);


ALTER TABLE public.patient_prescribeddrug OWNER TO makeeasyhmis;

--
-- Name: patient_prescribeddrug_id_seq; Type: SEQUENCE; Schema: public; Owner: makeeasyhmis
--

ALTER TABLE public.patient_prescribeddrug ALTER COLUMN id ADD GENERATED BY DEFAULT AS IDENTITY (
    SEQUENCE NAME public.patient_prescribeddrug_id_seq
    START WITH 1
    INCREMENT BY 1
    NO MINVALUE
    NO MAXVALUE
    CACHE 1
);


--
-- Name: patient_prescription; Type: TABLE; Schema: public; Owner: makeeasyhmis
--

CREATE TABLE public.patient_prescription (
    id bigint NOT NULL,
    date_created timestamp with time zone NOT NULL,
    start_date date,
    created_by_id bigint
);


ALTER TABLE public.patient_prescription OWNER TO makeeasyhmis;

--
-- Name: patient_prescription_id_seq; Type: SEQUENCE; Schema: public; Owner: makeeasyhmis
--

ALTER TABLE public.patient_prescription ALTER COLUMN id ADD GENERATED BY DEFAULT AS IDENTITY (
    SEQUENCE NAME public.patient_prescription_id_seq
    START WITH 1
    INCREMENT BY 1
    NO MINVALUE
    NO MAXVALUE
    CACHE 1
);


--
-- Name: patient_publicappointment; Type: TABLE; Schema: public; Owner: makeeasyhmis
--

CREATE TABLE public.patient_publicappointment (
    id bigint NOT NULL,
    first_name character varying(40) NOT NULL,
    phone character varying(30),
    second_name character varying(40) NOT NULL,
    date_of_birth date NOT NULL,
    gender character varying(10) NOT NULL,
    email character varying(254) NOT NULL,
    phone_number character varying(15) NOT NULL,
    appointment_date_time timestamp with time zone NOT NULL,
    status character varying(10) NOT NULL,
    reason text NOT NULL,
    date_created timestamp with time zone NOT NULL,
    date_changed timestamp with time zone NOT NULL,
    item_id bigint
);


ALTER TABLE public.patient_publicappointment OWNER TO makeeasyhmis;

--
-- Name: patient_publicappointment_id_seq; Type: SEQUENCE; Schema: public; Owner: makeeasyhmis
--

ALTER TABLE public.patient_publicappointment ALTER COLUMN id ADD GENERATED BY DEFAULT AS IDENTITY (
    SEQUENCE NAME public.patient_publicappointment_id_seq
    START WITH 1
    INCREMENT BY 1
    NO MINVALUE
    NO MAXVALUE
    CACHE 1
);


--
-- Name: patient_referral; Type: TABLE; Schema: public; Owner: makeeasyhmis
--

CREATE TABLE public.patient_referral (
    id bigint NOT NULL,
    date_created timestamp with time zone NOT NULL,
    note text,
    service character varying(50) NOT NULL,
    email character varying(254) NOT NULL,
    referred_by_id bigint NOT NULL
);


ALTER TABLE public.patient_referral OWNER TO makeeasyhmis;

--
-- Name: patient_referral_id_seq; Type: SEQUENCE; Schema: public; Owner: makeeasyhmis
--

ALTER TABLE public.patient_referral ALTER COLUMN id ADD GENERATED BY DEFAULT AS IDENTITY (
    SEQUENCE NAME public.patient_referral_id_seq
    START WITH 1
    INCREMENT BY 1
    NO MINVALUE
    NO MAXVALUE
    CACHE 1
);


--
-- Name: patient_triage; Type: TABLE; Schema: public; Owner: makeeasyhmis
--

CREATE TABLE public.patient_triage (
    id bigint NOT NULL,
    created_by character varying(45) NOT NULL,
    date_created timestamp with time zone NOT NULL,
    temperature numeric(5,2),
    height numeric(5,2),
    weight integer,
    pulse integer,
    diastolic integer,
    systolic integer,
    bmi numeric(10,1),
    fee numeric(10,2) NOT NULL,
    notes character varying(300),
    CONSTRAINT patient_triage_diastolic_check CHECK ((diastolic >= 0)),
    CONSTRAINT patient_triage_pulse_check CHECK ((pulse >= 0)),
    CONSTRAINT patient_triage_systolic_check CHECK ((systolic >= 0))
);


ALTER TABLE public.patient_triage OWNER TO makeeasyhmis;

--
-- Name: patient_triage_id_seq; Type: SEQUENCE; Schema: public; Owner: makeeasyhmis
--

ALTER TABLE public.patient_triage ALTER COLUMN id ADD GENERATED BY DEFAULT AS IDENTITY (
    SEQUENCE NAME public.patient_triage_id_seq
    START WITH 1
    INCREMENT BY 1
    NO MINVALUE
    NO MAXVALUE
    CACHE 1
);


--
-- Name: pharmacy_publicprescriptionrequest; Type: TABLE; Schema: public; Owner: makeeasyhmis
--

CREATE TABLE public.pharmacy_publicprescriptionrequest (
    id bigint NOT NULL,
    status character varying(10) NOT NULL,
    date_created date NOT NULL,
    date_changed date NOT NULL,
    public_prescription character varying(254),
    patient_id bigint NOT NULL
);


ALTER TABLE public.pharmacy_publicprescriptionrequest OWNER TO makeeasyhmis;

--
-- Name: pharmacy_publicprescriptionrequest_id_seq; Type: SEQUENCE; Schema: public; Owner: makeeasyhmis
--

ALTER TABLE public.pharmacy_publicprescriptionrequest ALTER COLUMN id ADD GENERATED BY DEFAULT AS IDENTITY (
    SEQUENCE NAME public.pharmacy_publicprescriptionrequest_id_seq
    START WITH 1
    INCREMENT BY 1
    NO MINVALUE
    NO MAXVALUE
    CACHE 1
);


--
-- Data for Name: announcement_announcement; Type: TABLE DATA; Schema: public; Owner: makeeasyhmis
--

COPY public.announcement_announcement (id, title, content, created_at, file, created_by_id, channel_id) FROM stdin;
\.


--
-- Data for Name: announcement_channel; Type: TABLE DATA; Schema: public; Owner: makeeasyhmis
--

COPY public.announcement_channel (id, name, photo) FROM stdin;
\.


--
-- Data for Name: announcement_comment; Type: TABLE DATA; Schema: public; Owner: makeeasyhmis
--

COPY public.announcement_comment (id, title, content, created_at, file, announcement_id, created_by_id) FROM stdin;
\.


--
-- Data for Name: auth_group; Type: TABLE DATA; Schema: public; Owner: makeeasyhmis
--

COPY public.auth_group (id, name) FROM stdin;
\.


--
-- Data for Name: auth_group_permissions; Type: TABLE DATA; Schema: public; Owner: makeeasyhmis
--

COPY public.auth_group_permissions (id, group_id, permission_id) FROM stdin;
\.


--
-- Data for Name: auth_permission; Type: TABLE DATA; Schema: public; Owner: makeeasyhmis
--

COPY public.auth_permission (id, name, content_type_id, codename) FROM stdin;
1	Can add log entry	7	add_logentry
2	Can change log entry	7	change_logentry
3	Can delete log entry	7	delete_logentry
4	Can view log entry	7	view_logentry
5	Can add permission	8	add_permission
6	Can change permission	8	change_permission
7	Can delete permission	8	delete_permission
8	Can view permission	8	view_permission
9	Can add group	9	add_group
10	Can change group	9	change_group
11	Can delete group	9	delete_group
12	Can view group	9	view_group
13	Can add content type	10	add_contenttype
14	Can change content type	10	change_contenttype
15	Can delete content type	10	delete_contenttype
16	Can view content type	10	view_contenttype
17	Can add session	11	add_session
18	Can change session	11	change_session
19	Can delete session	11	delete_session
20	Can view session	11	view_session
21	Can add permission	12	add_permission
22	Can change permission	12	change_permission
23	Can delete permission	12	delete_permission
24	Can view permission	12	view_permission
25	Can add group	13	add_group
26	Can change group	13	change_group
27	Can delete group	13	delete_group
28	Can view group	13	view_group
29	Can add custom user	1	add_customuser
30	Can change custom user	1	change_customuser
31	Can delete custom user	1	delete_customuser
32	Can view custom user	1	view_customuser
33	Can add doctor	2	add_doctor
34	Can change doctor	2	change_doctor
35	Can delete doctor	2	delete_doctor
36	Can view doctor	2	view_doctor
37	Can add lab tech	3	add_labtech
38	Can change lab tech	3	change_labtech
39	Can delete lab tech	3	delete_labtech
40	Can view lab tech	3	view_labtech
41	Can add nurse	4	add_nurse
42	Can change nurse	4	change_nurse
43	Can delete nurse	4	delete_nurse
44	Can view nurse	4	view_nurse
45	Can add patient user	5	add_patientuser
46	Can change patient user	5	change_patientuser
47	Can delete patient user	5	delete_patientuser
48	Can view patient user	5	view_patientuser
49	Can add receptionist	6	add_receptionist
50	Can change receptionist	6	change_receptionist
51	Can delete receptionist	6	delete_receptionist
52	Can view receptionist	6	view_receptionist
53	Can add doctor profile	14	add_doctorprofile
54	Can change doctor profile	14	change_doctorprofile
55	Can delete doctor profile	14	delete_doctorprofile
56	Can view doctor profile	14	view_doctorprofile
57	Can add lab tech profile	15	add_labtechprofile
58	Can change lab tech profile	15	change_labtechprofile
59	Can delete lab tech profile	15	delete_labtechprofile
60	Can view lab tech profile	15	view_labtechprofile
61	Can add nurse profile	16	add_nurseprofile
62	Can change nurse profile	16	change_nurseprofile
63	Can delete nurse profile	16	delete_nurseprofile
64	Can view nurse profile	16	view_nurseprofile
65	Can add receptionist profile	17	add_receptionistprofile
66	Can change receptionist profile	17	change_receptionistprofile
67	Can delete receptionist profile	17	delete_receptionistprofile
68	Can view receptionist profile	17	view_receptionistprofile
69	Can add sysadmin profile	18	add_sysadminprofile
70	Can change sysadmin profile	18	change_sysadminprofile
71	Can delete sysadmin profile	18	delete_sysadminprofile
72	Can view sysadmin profile	18	view_sysadminprofile
73	Can add contact details	19	add_contactdetails
74	Can change contact details	19	change_contactdetails
75	Can delete contact details	19	delete_contactdetails
76	Can view contact details	19	view_contactdetails
77	Can add triage	20	add_triage
78	Can change triage	20	change_triage
79	Can delete triage	20	delete_triage
80	Can view triage	20	view_triage
81	Can add patient	21	add_patient
82	Can change patient	21	change_patient
83	Can delete patient	21	delete_patient
84	Can view patient	21	view_patient
85	Can add next of kin	22	add_nextofkin
86	Can change next of kin	22	change_nextofkin
87	Can delete next of kin	22	delete_nextofkin
88	Can view next of kin	22	view_nextofkin
89	Can add consultation	23	add_consultation
90	Can change consultation	23	change_consultation
91	Can delete consultation	23	delete_consultation
92	Can view consultation	23	view_consultation
93	Can add appointment	24	add_appointment
94	Can change appointment	24	change_appointment
95	Can delete appointment	24	delete_appointment
96	Can view appointment	24	view_appointment
97	Can add prescription	25	add_prescription
98	Can change prescription	25	change_prescription
99	Can delete prescription	25	delete_prescription
100	Can view prescription	25	view_prescription
101	Can add public appointment	26	add_publicappointment
102	Can change public appointment	26	change_publicappointment
103	Can delete public appointment	26	delete_publicappointment
104	Can view public appointment	26	view_publicappointment
105	Can add referral	27	add_referral
106	Can change referral	27	change_referral
107	Can delete referral	27	delete_referral
108	Can view referral	27	view_referral
109	Can add attendance process	28	add_attendanceprocess
110	Can change attendance process	28	change_attendanceprocess
111	Can delete attendance process	28	delete_attendanceprocess
112	Can view attendance process	28	view_attendanceprocess
113	Can add prescribed drug	29	add_prescribeddrug
114	Can change prescribed drug	29	change_prescribeddrug
115	Can delete prescribed drug	29	delete_prescribeddrug
116	Can view prescribed drug	29	view_prescribeddrug
117	Can add public prescription request	30	add_publicprescriptionrequest
118	Can change public prescription request	30	change_publicprescriptionrequest
119	Can delete public prescription request	30	delete_publicprescriptionrequest
120	Can view public prescription request	30	view_publicprescriptionrequest
121	Can add department	31	add_department
122	Can change department	31	change_department
123	Can delete department	31	delete_department
124	Can view department	31	view_department
125	Can add item	32	add_item
126	Can change item	32	change_item
127	Can delete item	32	delete_item
128	Can view item	32	view_item
129	Can add supplier	33	add_supplier
130	Can change supplier	33	change_supplier
131	Can delete supplier	33	delete_supplier
132	Can view supplier	33	view_supplier
133	Can add inventory	34	add_inventory
134	Can change inventory	34	change_inventory
135	Can delete inventory	34	delete_inventory
136	Can view inventory	34	view_inventory
137	Can add department inventory	35	add_departmentinventory
138	Can change department inventory	35	change_departmentinventory
139	Can delete department inventory	35	delete_departmentinventory
140	Can view department inventory	35	view_departmentinventory
141	Can add requisition	36	add_requisition
142	Can change requisition	36	change_requisition
143	Can delete requisition	36	delete_requisition
144	Can view requisition	36	view_requisition
145	Can add purchase order	37	add_purchaseorder
146	Can change purchase order	37	change_purchaseorder
147	Can delete purchase order	37	delete_purchaseorder
148	Can view purchase order	37	view_purchaseorder
149	Can add requisition item	38	add_requisitionitem
150	Can change requisition item	38	change_requisitionitem
151	Can delete requisition item	38	delete_requisitionitem
152	Can view requisition item	38	view_requisitionitem
153	Can add purchase order item	39	add_purchaseorderitem
154	Can change purchase order item	39	change_purchaseorderitem
155	Can delete purchase order item	39	delete_purchaseorderitem
156	Can view purchase order item	39	view_purchaseorderitem
157	Can add incoming item	40	add_incomingitem
158	Can change incoming item	40	change_incomingitem
159	Can delete incoming item	40	delete_incomingitem
160	Can view incoming item	40	view_incomingitem
161	Can add inventory insurance saleprice	41	add_inventoryinsurancesaleprice
162	Can change inventory insurance saleprice	41	change_inventoryinsurancesaleprice
163	Can delete inventory insurance saleprice	41	delete_inventoryinsurancesaleprice
164	Can view inventory insurance saleprice	41	view_inventoryinsurancesaleprice
165	Can add incoming items receipt n ote	42	add_incomingitemsreceiptnote
166	Can change incoming items receipt n ote	42	change_incomingitemsreceiptnote
167	Can delete incoming items receipt n ote	42	delete_incomingitemsreceiptnote
168	Can view incoming items receipt n ote	42	view_incomingitemsreceiptnote
169	Can add lab equipment	43	add_labequipment
170	Can change lab equipment	43	change_labequipment
171	Can delete lab equipment	43	delete_labequipment
172	Can view lab equipment	43	view_labequipment
173	Can add lab test profile	44	add_labtestprofile
174	Can change lab test profile	44	change_labtestprofile
175	Can delete lab test profile	44	delete_labtestprofile
176	Can view lab test profile	44	view_labtestprofile
177	Can add process test request	45	add_processtestrequest
178	Can change process test request	45	change_processtestrequest
179	Can delete process test request	45	delete_processtestrequest
180	Can view process test request	45	view_processtestrequest
181	Can add specimen	46	add_specimen
182	Can change specimen	46	change_specimen
183	Can delete specimen	46	delete_specimen
184	Can view specimen	46	view_specimen
185	Can add lab reagent	47	add_labreagent
186	Can change lab reagent	47	change_labreagent
187	Can delete lab reagent	47	delete_labreagent
188	Can view lab reagent	47	view_labreagent
189	Can add lab test panel	48	add_labtestpanel
190	Can change lab test panel	48	change_labtestpanel
191	Can delete lab test panel	48	delete_labtestpanel
192	Can view lab test panel	48	view_labtestpanel
193	Can add lab test request	49	add_labtestrequest
194	Can change lab test request	49	change_labtestrequest
195	Can delete lab test request	49	delete_labtestrequest
196	Can view lab test request	49	view_labtestrequest
197	Can add lab test request panel	50	add_labtestrequestpanel
198	Can change lab test request panel	50	change_labtestrequestpanel
199	Can delete lab test request panel	50	delete_labtestrequestpanel
200	Can view lab test request panel	50	view_labtestrequestpanel
201	Can add equipment test request	51	add_equipmenttestrequest
202	Can change equipment test request	51	change_equipmenttestrequest
203	Can delete equipment test request	51	delete_equipmenttestrequest
204	Can view equipment test request	51	view_equipmenttestrequest
205	Can add patient sample	52	add_patientsample
206	Can change patient sample	52	change_patientsample
207	Can delete patient sample	52	delete_patientsample
208	Can view patient sample	52	view_patientsample
209	Can add public lab test request	53	add_publiclabtestrequest
210	Can change public lab test request	53	change_publiclabtestrequest
211	Can delete public lab test request	53	delete_publiclabtestrequest
212	Can view public lab test request	53	view_publiclabtestrequest
213	Can add reference value	54	add_referencevalue
214	Can change reference value	54	change_referencevalue
215	Can delete reference value	54	delete_referencevalue
216	Can view reference value	54	view_referencevalue
217	Can add invoice	55	add_invoice
218	Can change invoice	55	change_invoice
219	Can delete invoice	55	delete_invoice
220	Can view invoice	55	view_invoice
221	Can add invoice item	56	add_invoiceitem
222	Can change invoice item	56	change_invoiceitem
223	Can delete invoice item	56	delete_invoiceitem
224	Can view invoice item	56	view_invoiceitem
225	Can add payment mode	57	add_paymentmode
226	Can change payment mode	57	change_paymentmode
227	Can delete payment mode	57	delete_paymentmode
228	Can view payment mode	57	view_paymentmode
229	Can add channel	58	add_channel
230	Can change channel	58	change_channel
231	Can delete channel	58	delete_channel
232	Can view channel	58	view_channel
233	Can add announcement	59	add_announcement
234	Can change announcement	59	change_announcement
235	Can delete announcement	59	delete_announcement
236	Can view announcement	59	view_announcement
237	Can add comment	60	add_comment
238	Can change comment	60	change_comment
239	Can delete comment	60	delete_comment
240	Can view comment	60	view_comment
241	Can add company	61	add_company
242	Can change company	61	change_company
243	Can delete company	61	delete_company
244	Can view company	61	view_company
245	Can add insurance company	62	add_insurancecompany
246	Can change insurance company	62	change_insurancecompany
247	Can delete insurance company	62	delete_insurancecompany
248	Can view insurance company	62	view_insurancecompany
249	Can add company branch	63	add_companybranch
250	Can change company branch	63	change_companybranch
251	Can delete company branch	63	delete_companybranch
252	Can view company branch	63	view_companybranch
\.


--
-- Data for Name: authperms_group; Type: TABLE DATA; Schema: public; Owner: makeeasyhmis
--

COPY public.authperms_group (id, name) FROM stdin;
2	PATIENT
4	PHARMACIST
5	RECEPTIONIST
6	LAB_TECH
7	NURSE
1	SYS_ADMIN
3	DOCTOR
\.


--
-- Data for Name: authperms_group_permissions; Type: TABLE DATA; Schema: public; Owner: makeeasyhmis
--

COPY public.authperms_group_permissions (id, group_id, permission_id) FROM stdin;
1	1	1
2	1	2
3	1	3
4	1	4
5	1	5
6	1	6
7	1	7
8	1	8
9	1	9
10	1	10
11	1	11
12	1	12
13	3	1
14	3	2
\.


--
-- Data for Name: authperms_permission; Type: TABLE DATA; Schema: public; Owner: makeeasyhmis
--

COPY public.authperms_permission (id, name) FROM stdin;
1	CAN_ACCESS_DOCTOR_DASHBOARD
2	CAN_ACCESS_GENERAL_DASHBOARD
3	CAN_ACCESS_ADMIN_DASHBOARD
4	CAN_ACCESS_RECEPTION_DASHBOARD
5	CAN_ACCESS_NURSING_DASHBOARD
6	CAN_ACCESS_LABORATORY_DASHBOARD
7	CAN_ACCESS_PATIENTS_DASHBOARD
8	CAN_ACCESS_AI_ASSISTANT_DASHBOARD
9	CAN_ACCESS_ANNOUNCEMENT_DASHBOARD
10	CAN_ACCESS_PHARMACY_DASHBOARD
11	CAN_ACCESS_INVENTORY_DASHBOARD
12	CAN_ACCESS_BILLING_DASHBOARD
\.


--
-- Data for Name: billing_invoice; Type: TABLE DATA; Schema: public; Owner: makeeasyhmis
--

COPY public.billing_invoice (id, invoice_number, invoice_date, invoice_amount, status, invoice_description, invoice_file, invoice_created_at, invoice_updated_at, patient_id) FROM stdin;
1	20241204-9534	2024-12-04	2881.00	pending	\N		2024-12-04 12:48:22.644352+03	2024-12-04 13:24:44.479461+03	1
\.


--
-- Data for Name: billing_invoiceitem; Type: TABLE DATA; Schema: public; Owner: makeeasyhmis
--

COPY public.billing_invoiceitem (id, item_created_at, item_updated_at, item_amount, status, invoice_id, item_id, payment_mode_id) FROM stdin;
1	2024-12-04 12:48:34.310236+03	2024-12-04 13:08:51.341686+03	100.00	billed	1	4	4
2	2024-12-04 13:09:44.974844+03	2024-12-04 13:09:44.974859+03	0.00	pending	1	6	\N
3	2024-12-04 13:09:45.120317+03	2024-12-04 13:09:45.120332+03	0.00	pending	1	7	\N
4	2024-12-04 13:09:45.263156+03	2024-12-04 13:09:45.263179+03	0.00	pending	1	8	\N
5	2024-12-04 13:19:26.995972+03	2024-12-04 13:19:26.995988+03	0.00	pending	1	10	\N
6	2024-12-04 13:20:10.696257+03	2024-12-04 13:20:40.059432+03	898.00	billed	1	9	4
7	2024-12-04 13:24:44.463068+03	2024-12-04 13:24:44.463087+03	0.00	pending	1	2	\N
8	2024-12-04 13:24:44.468454+03	2024-12-04 13:25:46.481483+03	430.00	billed	1	1	1
\.


--
-- Data for Name: billing_paymentmode; Type: TABLE DATA; Schema: public; Owner: makeeasyhmis
--

COPY public.billing_paymentmode (id, paymet_mode, payment_category, insurance_id) FROM stdin;
1	NHIF	insurance	1
2	Britam	insurance	2
3	Jubilee	insurance	3
4	cash	cash	\N
\.


--
-- Data for Name: company_company; Type: TABLE DATA; Schema: public; Owner: makeeasyhmis
--

COPY public.company_company (id, name, address1, address2, phone1, phone2, email1, email2, logo) FROM stdin;
\.


--
-- Data for Name: company_companybranch; Type: TABLE DATA; Schema: public; Owner: makeeasyhmis
--

COPY public.company_companybranch (id, name, address, phone, email, logo, company_id) FROM stdin;
\.


--
-- Data for Name: company_insurancecompany; Type: TABLE DATA; Schema: public; Owner: makeeasyhmis
--

COPY public.company_insurancecompany (id, name) FROM stdin;
1	NHIF
2	Britam
3	Jubilee
\.


--
-- Data for Name: customuser_customuser; Type: TABLE DATA; Schema: public; Owner: makeeasyhmis
--

COPY public.customuser_customuser (id, password, last_login, is_superuser, email, phone, first_name, last_name, is_active, is_staff, date_joined, profession, date_of_birth, role, group_id) FROM stdin;
1	pbkdf2_sha256$720000$jxmtbroYE5W4nwk9F6IcQ3$pyQc/Q13iqCoBqpNlRzGC4hCy1m/V8sSCupBp19wnrw=	2024-12-04 11:17:54+03	t	admin@mail.com	0791716946	sysadmin	sysadmin	t	t	2024-12-04 11:12:43+03	neuro surgeon	2015-08-23	sysadmin	1
2	admin	\N	f	doc1@mail.com	0791716946	doctor1	docctor1	t	t	2024-12-04 11:24:59+03	\N	2022-09-01	doctor	3
\.


--
-- Data for Name: customuser_customuser_user_permissions; Type: TABLE DATA; Schema: public; Owner: makeeasyhmis
--

COPY public.customuser_customuser_user_permissions (id, customuser_id, permission_id) FROM stdin;
\.


--
-- Data for Name: customuser_doctorprofile; Type: TABLE DATA; Schema: public; Owner: makeeasyhmis
--

COPY public.customuser_doctorprofile (id, user_id) FROM stdin;
1	2
\.


--
-- Data for Name: customuser_labtechprofile; Type: TABLE DATA; Schema: public; Owner: makeeasyhmis
--

COPY public.customuser_labtechprofile (id, user_id) FROM stdin;
\.


--
-- Data for Name: customuser_nurseprofile; Type: TABLE DATA; Schema: public; Owner: makeeasyhmis
--

COPY public.customuser_nurseprofile (id, user_id) FROM stdin;
\.


--
-- Data for Name: customuser_receptionistprofile; Type: TABLE DATA; Schema: public; Owner: makeeasyhmis
--

COPY public.customuser_receptionistprofile (id, user_id) FROM stdin;
\.


--
-- Data for Name: customuser_sysadminprofile; Type: TABLE DATA; Schema: public; Owner: makeeasyhmis
--

COPY public.customuser_sysadminprofile (id, user_id) FROM stdin;
1	1
\.


--
-- Data for Name: django_admin_log; Type: TABLE DATA; Schema: public; Owner: makeeasyhmis
--

COPY public.django_admin_log (id, action_time, object_id, object_repr, action_flag, change_message, content_type_id, user_id) FROM stdin;
1	2024-12-04 11:20:33.114606+03	1	admin@mail.com	2	[{"changed": {"fields": ["Phone", "First name", "Last name", "Profession", "Date of birth"]}}]	1	1
2	2024-12-04 11:20:55.785773+03	1	SYS_ADMIN	1	[{"added": {}}]	13	1
3	2024-12-04 11:21:05.466212+03	2	PATIENT	1	[{"added": {}}]	13	1
4	2024-12-04 11:21:16.292718+03	3	DOCTOR	1	[{"added": {}}]	13	1
5	2024-12-04 11:21:27.294314+03	4	PHARMACIST	1	[{"added": {}}]	13	1
6	2024-12-04 11:21:35.375503+03	5	RECEPTIONIST	1	[{"added": {}}]	13	1
7	2024-12-04 11:21:44.250683+03	6	LAB_TECH	1	[{"added": {}}]	13	1
8	2024-12-04 11:21:53.826318+03	7	NURSE	1	[{"added": {}}]	13	1
9	2024-12-04 11:22:13.686853+03	1	CAN_ACCESS_DOCTOR_DASHBOARD	1	[{"added": {}}]	12	1
10	2024-12-04 11:22:22.770988+03	2	CAN_ACCESS_GENERAL_DASHBOARD	1	[{"added": {}}]	12	1
11	2024-12-04 11:22:34.734531+03	3	CAN_ACCESS_ADMIN_DASHBOARD	1	[{"added": {}}]	12	1
12	2024-12-04 11:22:42.414859+03	4	CAN_ACCESS_RECEPTION_DASHBOARD	1	[{"added": {}}]	12	1
13	2024-12-04 11:22:53.036164+03	5	CAN_ACCESS_NURSING_DASHBOARD	1	[{"added": {}}]	12	1
14	2024-12-04 11:23:00.446271+03	6	CAN_ACCESS_LABORATORY_DASHBOARD	1	[{"added": {}}]	12	1
15	2024-12-04 11:23:07.131618+03	7	CAN_ACCESS_PATIENTS_DASHBOARD	1	[{"added": {}}]	12	1
16	2024-12-04 11:23:13.846488+03	8	CAN_ACCESS_AI_ASSISTANT_DASHBOARD	1	[{"added": {}}]	12	1
17	2024-12-04 11:23:21.823111+03	9	CAN_ACCESS_ANNOUNCEMENT_DASHBOARD	1	[{"added": {}}]	12	1
18	2024-12-04 11:23:29.021703+03	10	CAN_ACCESS_PHARMACY_DASHBOARD	1	[{"added": {}}]	12	1
19	2024-12-04 11:23:39.394107+03	11	CAN_ACCESS_INVENTORY_DASHBOARD	1	[{"added": {}}]	12	1
20	2024-12-04 11:23:46.912638+03	12	CAN_ACCESS_BILLING_DASHBOARD	1	[{"added": {}}]	12	1
21	2024-12-04 11:24:00.547873+03	1	SYS_ADMIN	2	[{"changed": {"fields": ["Permissions"]}}]	13	1
22	2024-12-04 11:24:14.120364+03	3	DOCTOR	2	[{"changed": {"fields": ["Permissions"]}}]	13	1
23	2024-12-04 11:24:40.192156+03	1	admin@mail.com	2	[{"changed": {"fields": ["Group"]}}]	1	1
24	2024-12-04 11:26:06.279038+03	2	doc1@mail.com	1	[{"added": {}}]	1	1
25	2024-12-04 13:30:04.207274+03	1	1 - chemlabs (chemlabs)	1	[{"added": {}}]	33	1
26	2024-12-04 13:30:15.620721+03	2	2 - crown (crown)	1	[{"added": {}}]	33	1
27	2024-12-04 13:31:09.018608+03	3	3 - Human (Human)	1	[{"added": {}}]	33	1
28	2024-12-04 13:31:19.314+03	2	2 - Crown (Crown)	2	[{"changed": {"fields": ["Official name", "Common name"]}}]	33	1
29	2024-12-04 13:31:46.388665+03	1	1 - Snibe (Snibe)	2	[{"changed": {"fields": ["Official name", "Common name"]}}]	33	1
30	2024-12-04 13:33:23.887657+03	1	1 - Lab	1	[{"added": {}}]	31	1
31	2024-12-04 13:33:31.545826+03	2	2 - Nursing	1	[{"added": {}}]	31	1
\.


--
-- Data for Name: django_content_type; Type: TABLE DATA; Schema: public; Owner: makeeasyhmis
--

COPY public.django_content_type (id, app_label, model) FROM stdin;
1	customuser	customuser
2	customuser	doctor
3	customuser	labtech
4	customuser	nurse
5	customuser	patientuser
6	customuser	receptionist
7	admin	logentry
8	auth	permission
9	auth	group
10	contenttypes	contenttype
11	sessions	session
12	authperms	permission
13	authperms	group
14	customuser	doctorprofile
15	customuser	labtechprofile
16	customuser	nurseprofile
17	customuser	receptionistprofile
18	customuser	sysadminprofile
19	patient	contactdetails
20	patient	triage
21	patient	patient
22	patient	nextofkin
23	patient	consultation
24	patient	appointment
25	patient	prescription
26	patient	publicappointment
27	patient	referral
28	patient	attendanceprocess
29	patient	prescribeddrug
30	pharmacy	publicprescriptionrequest
31	inventory	department
32	inventory	item
33	inventory	supplier
34	inventory	inventory
35	inventory	departmentinventory
36	inventory	requisition
37	inventory	purchaseorder
38	inventory	requisitionitem
39	inventory	purchaseorderitem
40	inventory	incomingitem
41	inventory	inventoryinsurancesaleprice
42	inventory	incomingitemsreceiptnote
43	laboratory	labequipment
44	laboratory	labtestprofile
45	laboratory	processtestrequest
46	laboratory	specimen
47	laboratory	labreagent
48	laboratory	labtestpanel
49	laboratory	labtestrequest
50	laboratory	labtestrequestpanel
51	laboratory	equipmenttestrequest
52	laboratory	patientsample
53	laboratory	publiclabtestrequest
54	laboratory	referencevalue
55	billing	invoice
56	billing	invoiceitem
57	billing	paymentmode
58	announcement	channel
59	announcement	announcement
60	announcement	comment
61	company	company
62	company	insurancecompany
63	company	companybranch
\.


--
-- Data for Name: django_migrations; Type: TABLE DATA; Schema: public; Owner: makeeasyhmis
--

COPY public.django_migrations (id, app, name, applied) FROM stdin;
1	authperms	0001_initial	2024-12-04 11:12:15.4826+03
2	customuser	0001_initial	2024-12-04 11:12:15.567274+03
3	contenttypes	0001_initial	2024-12-04 11:12:15.578724+03
4	admin	0001_initial	2024-12-04 11:12:15.59871+03
5	admin	0002_logentry_remove_auto_add	2024-12-04 11:12:15.60741+03
6	admin	0003_logentry_add_action_flag_choices	2024-12-04 11:12:15.615897+03
7	announcement	0001_initial	2024-12-04 11:12:15.65777+03
8	contenttypes	0002_remove_content_type_name	2024-12-04 11:12:15.672948+03
9	auth	0001_initial	2024-12-04 11:12:15.731985+03
10	auth	0002_alter_permission_name_max_length	2024-12-04 11:12:15.744821+03
11	auth	0003_alter_user_email_max_length	2024-12-04 11:12:15.749457+03
12	auth	0004_alter_user_username_opts	2024-12-04 11:12:15.754053+03
13	auth	0005_alter_user_last_login_null	2024-12-04 11:12:15.758621+03
14	auth	0006_require_contenttypes_0002	2024-12-04 11:12:15.759886+03
15	auth	0007_alter_validators_add_error_messages	2024-12-04 11:12:15.765135+03
16	auth	0008_alter_user_username_max_length	2024-12-04 11:12:15.77041+03
17	auth	0009_alter_user_last_name_max_length	2024-12-04 11:12:15.775368+03
18	auth	0010_alter_group_name_max_length	2024-12-04 11:12:15.791599+03
19	auth	0011_update_proxy_permissions	2024-12-04 11:12:15.821343+03
20	auth	0012_alter_user_first_name_max_length	2024-12-04 11:12:15.826544+03
21	company	0001_initial	2024-12-04 11:12:15.845319+03
22	inventory	0001_initial	2024-12-04 11:12:16.039682+03
23	laboratory	0001_initial	2024-12-04 11:12:16.399726+03
24	billing	0001_initial	2024-12-04 11:12:16.416743+03
25	patient	0001_initial	2024-12-04 11:12:16.811541+03
26	billing	0002_initial	2024-12-04 11:12:17.080522+03
27	inventory	0002_incomingitem_item_code_item_item_code	2024-12-04 11:12:17.110428+03
28	inventory	0003_rename_supplier_requisitionitem_preferred_supplier_and_more	2024-12-04 11:12:18.063725+03
29	inventory	0004_remove_requisition_department	2024-12-04 11:12:18.102503+03
30	inventory	0005_requisition_department	2024-12-04 11:12:18.235373+03
31	inventory	0006_alter_requisition_requisition_number	2024-12-04 11:12:18.257523+03
32	inventory	0007_remove_requisition_requisition_number	2024-12-04 11:12:18.276997+03
33	inventory	0008_requisition_requisition_number	2024-12-04 11:12:18.301903+03
34	inventory	0009_remove_requisition_requisition_number	2024-12-04 11:12:18.319964+03
35	inventory	0010_requisition_requisition_number	2024-12-04 11:12:18.345352+03
36	inventory	0011_alter_requisition_requisition_number	2024-12-04 11:12:18.366899+03
37	inventory	0012_remove_requisition_requisition_number_and_more	2024-12-04 11:12:18.408688+03
38	inventory	0013_remove_requisition_requisition_numbers	2024-12-04 11:12:18.427622+03
39	inventory	0014_requisition_requisition_number	2024-12-04 11:12:18.447686+03
40	inventory	0015_alter_requisition_requisition_number	2024-12-04 11:12:18.466239+03
41	inventory	0016_alter_requisition_requisition_number	2024-12-04 11:12:18.491502+03
42	inventory	0017_item_vat_rate_requisition_department_approval_date_and_more	2024-12-04 11:12:18.537693+03
43	inventory	0018_remove_requisitionitem_status	2024-12-04 11:12:18.553839+03
44	inventory	0019_incomingitemsreceiptnote_and_more	2024-12-04 11:12:18.594091+03
45	pharmacy	0001_initial	2024-12-04 11:12:18.637192+03
46	sessions	0001_initial	2024-12-04 11:12:18.64794+03
47	inventory	0020_remove_inventory_purchase_price_and_more	2024-12-04 11:45:41.85305+03
48	inventory	0021_remove_incomingitemsreceiptnote_checked_by_and_more	2024-12-04 12:04:35.960286+03
\.


--
-- Data for Name: django_session; Type: TABLE DATA; Schema: public; Owner: makeeasyhmis
--

COPY public.django_session (session_key, session_data, expire_date) FROM stdin;
5zzs46t3dc1s3t1n8ing3yvlihmel3ev	.eJxVjDsOwjAQBe_iGlna9Z-SnjNY9nqNA8iR4qRC3B0ipYD2zcx7iZi2tcVt8BKnIs4CxOl3y4ke3HdQ7qnfZklzX5cpy12RBx3yOhd-Xg7376Cl0b61UWCyKo4YrQ8GtK4QgjLBcq2KOWMgrz1aNJQpOLZAlZ3TBBaxkHh_AMrLN5Q:1tIka2:KzmQowtLUOsrr8Lg3vdy9_NDGrY2ZI1G00IfM8G9mpc	2024-12-04 19:37:54.936396+03
\.


--
-- Data for Name: inventory_department; Type: TABLE DATA; Schema: public; Owner: makeeasyhmis
--

COPY public.inventory_department (id, name, date_created) FROM stdin;
1	Lab	2024-12-04 13:33:23.886667+03
2	Nursing	2024-12-04 13:33:31.544885+03
\.


--
-- Data for Name: inventory_departmentinventory; Type: TABLE DATA; Schema: public; Owner: makeeasyhmis
--

COPY public.inventory_departmentinventory (id, packed, subpacked, date_created, department_id, item_id) FROM stdin;
\.


--
-- Data for Name: inventory_incomingitem; Type: TABLE DATA; Schema: public; Owner: makeeasyhmis
--

COPY public.inventory_incomingitem (id, purchase_price, sale_price, packed, subpacked, date_created, quantity, category_one, item_id, purchase_order_id, supplier_id, item_code) FROM stdin;
\.


--
-- Data for Name: inventory_incomingitemsreceiptnote; Type: TABLE DATA; Schema: public; Owner: makeeasyhmis
--

COPY public.inventory_incomingitemsreceiptnote (id, goods_receipt_number) FROM stdin;
\.


--
-- Data for Name: inventory_inventory; Type: TABLE DATA; Schema: public; Owner: makeeasyhmis
--

COPY public.inventory_inventory (id, packed, subpacked, date_created, category_one, item_id, purchase_price, quantity_in_stock, sale_price) FROM stdin;
2	1	1	2024-12-04 12:08:17.731151+03	Resale	2	100.00	100	150.00
3	1	1	2024-12-04 12:08:43.669289+03	Resale	3	100.00	100	150.00
4	1	1	2024-12-04 12:09:12.086778+03	Resale	4	0.00	100	100.00
5	1	1	2024-12-04 12:09:34.676439+03	Resale	5	0.00	100	150.00
6	1	1	2024-12-04 12:10:56.0517+03	Resale	6	100.00	100	400.00
7	1	1	2024-12-04 12:11:22.349048+03	Resale	7	300.00	100	400.00
8	2	2	2024-12-04 12:11:47.917074+03	Resale	8	100.00	100	343.00
10	2	2	2024-12-04 12:12:39.219811+03	Resale	10	300.00	233	440.00
9	2	2	2024-12-04 12:12:14.956431+03	Resale	9	300.00	199	898.00
1	1	1	2024-12-04 12:07:34.559461+03	Resale	1	100.00	99	150.00
\.


--
-- Data for Name: inventory_inventoryinsurancesaleprice; Type: TABLE DATA; Schema: public; Owner: makeeasyhmis
--

COPY public.inventory_inventoryinsurancesaleprice (id, sale_price, insurance_company_id, inventory_item_id) FROM stdin;
2	400.00	1	2
3	400.00	1	3
5	500.00	3	2
4	450.00	2	1
6	400.00	1	7
1	430.00	1	1
7	420.00	2	7
8	360.00	3	7
\.


--
-- Data for Name: inventory_item; Type: TABLE DATA; Schema: public; Owner: makeeasyhmis
--

COPY public.inventory_item (id, name, "desc", category, units_of_measure, date_created, item_code, buying_price, selling_price, vat_rate, quantity_at_hand, re_order_level) FROM stdin;
1	Paracetamol 500mg	Pain killer	Drug	mg	2024-12-04 11:47:39.716541+03	PAR500-DRU-B0C7	10.00	20.00	16.00	10	10
2	Amoxil 500gm	anti infections	Drug	mg	2024-12-04 11:48:53.500746+03	AMO500-DRU-49A3	10.00	20.00	16.00	10	10
3	Piriton	Flu	Drug	mg	2024-12-04 11:49:56.721034+03	PIR-DRU-02BC	10.00	20.00	16.00	10	10
4	General Appointment	General appointment	General Appointment	unit	2024-12-04 11:51:37.330405+03	GENAPP-GEN-8FAB	10.00	20.00	16.00	10	10
5	Specialized Appointment	specialized appointment	Specialized Appointment	unit	2024-12-04 11:52:23.282458+03	SPEAPP-SPE-2450	10.00	20.00	16.00	10	10
6	Calcium	Lab test	Lab Test	unit	2024-12-04 11:53:12.430807+03	CAL-LAB-8362	10.00	20.00	16.00	10	10
7	AST	test	Lab Test	mg	2024-12-04 11:56:04.138071+03	AST-LAB-B374	10.00	20.00	16.00	10	10
8	ALP	test	Lab Test	unit	2024-12-04 11:56:39.049279+03	ALP-LAB-9F9E	10.00	20.00	16.00	10	10
9	Stool for O/C	test	Lab Test	unit	2024-12-04 11:57:17.169649+03	STOFOR-LAB-55CA	10.00	20.00	16.00	10	10
10	Bs	lab test	Lab Test	unit	2024-12-04 11:57:46.745084+03	BS-LAB-C2B9	10.00	20.00	16.00	10	10
\.


--
-- Data for Name: inventory_purchaseorder; Type: TABLE DATA; Schema: public; Owner: makeeasyhmis
--

COPY public.inventory_purchaseorder (id, date_created, file, requisition_id, "PO_number", approved_by_id, is_dispatched, ordered_by_id) FROM stdin;
2	2024-12-04 13:35:29.36632+03		1	PO/24/12/04/1343	\N	f	1
3	2024-12-04 13:35:32.229728+03		1	PO/24/12/04/6888	\N	f	1
1	2024-12-04 13:35:24.998215+03		1	PO/24/12/04/5801	\N	t	1
\.


--
-- Data for Name: inventory_purchaseorderitem; Type: TABLE DATA; Schema: public; Owner: makeeasyhmis
--

COPY public.inventory_purchaseorderitem (id, date_created, purchase_order_id, supplier_id, requisition_item_id) FROM stdin;
1	2024-12-04 13:35:25.010243+03	1	3	1
2	2024-12-04 13:35:29.378904+03	2	2	2
3	2024-12-04 13:35:32.243482+03	3	1	3
\.


--
-- Data for Name: inventory_requisition; Type: TABLE DATA; Schema: public; Owner: makeeasyhmis
--

COPY public.inventory_requisition (id, date_created, file, requested_by_id, approved_by_id, department_approved, procurement_approved, department_id, requisition_number, department_approval_date, procurement_approval_date) FROM stdin;
1	2024-12-04 13:33:44.41176+03		1	\N	t	t	1	LAB/24/12/04/3826	2024-12-04 13:35:08.842666+03	2024-12-04 13:35:08.842671+03
\.


--
-- Data for Name: inventory_requisitionitem; Type: TABLE DATA; Schema: public; Owner: makeeasyhmis
--

COPY public.inventory_requisitionitem (id, quantity_requested, date_created, item_id, requisition_id, preferred_supplier_id, ordered, quantity_approved) FROM stdin;
1	8	2024-12-04 13:33:44.440407+03	1	1	3	t	6
2	8	2024-12-04 13:33:44.442465+03	2	1	2	t	8
3	8	2024-12-04 13:33:44.443911+03	8	1	1	t	11
\.


--
-- Data for Name: inventory_supplier; Type: TABLE DATA; Schema: public; Owner: makeeasyhmis
--

COPY public.inventory_supplier (id, official_name, date_created, common_name) FROM stdin;
3	Human	2024-12-04 13:31:09.017755+03	Human
2	Crown	2024-12-04 13:30:15.619879+03	Crown
1	Snibe	2024-12-04 13:30:04.205958+03	Snibe
\.


--
-- Data for Name: laboratory_equipmenttestrequest; Type: TABLE DATA; Schema: public; Owner: makeeasyhmis
--

COPY public.laboratory_equipmenttestrequest (id, equipment_id, test_request_panel_id) FROM stdin;
1	2	5
\.


--
-- Data for Name: laboratory_labequipment; Type: TABLE DATA; Schema: public; Owner: makeeasyhmis
--

COPY public.laboratory_labequipment (id, name, category, ip_address, port, data_format) FROM stdin;
1	humaster 100	rs232	192.168.100.2	657	hl7
2	HumaStar 600	rs232	172.16.4.4	657	astm
3	HumaCount 5DCRP	tcp	192.168.100.55	9091	hl7
\.


--
-- Data for Name: laboratory_labreagent; Type: TABLE DATA; Schema: public; Owner: makeeasyhmis
--

COPY public.laboratory_labreagent (id, name, cas_number, molecular_weight, purity, item_number_id) FROM stdin;
\.


--
-- Data for Name: laboratory_labtestpanel; Type: TABLE DATA; Schema: public; Owner: makeeasyhmis
--

COPY public.laboratory_labtestpanel (id, name, unit, is_qualitative, is_quantitative, item_id, test_profile_id, specimen_id) FROM stdin;
1	Calcium	mg	f	t	6	1	2
2	AST	IU/ml	f	t	7	1	2
3	ALP	uL	f	t	8	1	2
4	Stool for O/C	mL	t	f	9	5	1
5	Bs	IU/ml	t	f	10	4	2
\.


--
-- Data for Name: laboratory_labtestprofile; Type: TABLE DATA; Schema: public; Owner: makeeasyhmis
--

COPY public.laboratory_labtestprofile (id, name) FROM stdin;
1	Serum Chemistries
2	Serum Lipids
3	Blood gases
4	Malaria Test
5	Stool Analysis
\.


--
-- Data for Name: laboratory_labtestrequest; Type: TABLE DATA; Schema: public; Owner: makeeasyhmis
--

COPY public.laboratory_labtestrequest (id, note, requested_on, has_result, created_on, requested_by_id, test_profile_id, process_id) FROM stdin;
1	tests	13:09:44.879304	f	2024-12-04	1	1	1
2	malaria	13:19:26.912086	f	2024-12-04	1	4	1
3	Stool analysis	13:20:10.608394	f	2024-12-04	1	5	1
\.


--
-- Data for Name: laboratory_labtestrequestpanel; Type: TABLE DATA; Schema: public; Owner: makeeasyhmis
--

COPY public.laboratory_labtestrequestpanel (id, result, test_code, category, result_approved, approved_on, is_billed, lab_test_request_id, test_panel_id, patient_sample_id) FROM stdin;
1	\N	TC-3847	quantitative	f	\N	f	1	1	1
2	\N	TC-0972	quantitative	f	\N	f	1	2	1
3	\N	TC-3215	quantitative	f	\N	f	1	3	1
4	\N	TC-5337	qualitative	f	\N	f	2	5	1
5	results are very ok, You can still edit	TC-7545	qualitative	t	2024-12-04 13:22:58.350772+03	t	3	4	2
\.


--
-- Data for Name: laboratory_patientsample; Type: TABLE DATA; Schema: public; Owner: makeeasyhmis
--

COPY public.laboratory_patientsample (id, patient_sample_code, is_sample_collected, lab_test_request_id, process_id, specimen_id) FROM stdin;
1	SC-4187	f	1	1	2
2	SC-1420	t	3	1	1
\.


--
-- Data for Name: laboratory_processtestrequest; Type: TABLE DATA; Schema: public; Owner: makeeasyhmis
--

COPY public.laboratory_processtestrequest (id, reference) FROM stdin;
1	20241204-9534
\.


--
-- Data for Name: laboratory_publiclabtestrequest; Type: TABLE DATA; Schema: public; Owner: makeeasyhmis
--

COPY public.laboratory_publiclabtestrequest (id, appointment_date, status, date_created, date_changed, lab_request, sample_collected, sample_id, test_profile_id) FROM stdin;
\.


--
-- Data for Name: laboratory_referencevalue; Type: TABLE DATA; Schema: public; Owner: makeeasyhmis
--

COPY public.laboratory_referencevalue (id, sex, age_min, age_max, ref_value_low, ref_value_high, lab_test_panel_id) FROM stdin;
\.


--
-- Data for Name: laboratory_specimen; Type: TABLE DATA; Schema: public; Owner: makeeasyhmis
--

COPY public.laboratory_specimen (id, name) FROM stdin;
1	Stool
2	Blood
\.


--
-- Data for Name: patient_appointment; Type: TABLE DATA; Schema: public; Owner: makeeasyhmis
--

COPY public.patient_appointment (id, appointment_date_time, status, reason, date_created, date_changed, assigned_doctor_id, item_id, patient_id) FROM stdin;
\.


--
-- Data for Name: patient_attendanceprocess; Type: TABLE DATA; Schema: public; Owner: makeeasyhmis
--

COPY public.patient_attendanceprocess (id, track_number, patient_number, reason, track, created_at, doctor_id, invoice_id, lab_tech_id, pharmacist_id, process_test_req_id, patient_id, prescription_id, triage_id) FROM stdin;
1	20241204-9534	22332233	Headache	pharmacy	2024-12-04 12:48:22.642615+03	2	1	\N	\N	1	1	1	1
\.


--
-- Data for Name: patient_consultation; Type: TABLE DATA; Schema: public; Owner: makeeasyhmis
--

COPY public.patient_consultation (id, date_created, note, complaint, fee, disposition, doctor_id, patient_id) FROM stdin;
\.


--
-- Data for Name: patient_contactdetails; Type: TABLE DATA; Schema: public; Owner: makeeasyhmis
--

COPY public.patient_contactdetails (id, tel_no, email_address, residence) FROM stdin;
1	791716946	levymuguro@gmail.com	Nairobi
\.


--
-- Data for Name: patient_nextofkin; Type: TABLE DATA; Schema: public; Owner: makeeasyhmis
--

COPY public.patient_nextofkin (id, first_name, second_name, relationship, contacts_id, patient_id) FROM stdin;
1	LEVY	MUGURO	Father	1	1
\.


--
-- Data for Name: patient_patient; Type: TABLE DATA; Schema: public; Owner: makeeasyhmis
--

COPY public.patient_patient (id, unique_id, first_name, phone, second_name, date_of_birth, email, gender, user_id) FROM stdin;
1	22332233	Patient1	791716946	Patient1	1998-02-16	patient1@gmail.com	M	\N
\.


--
-- Data for Name: patient_patient_insurances; Type: TABLE DATA; Schema: public; Owner: makeeasyhmis
--

COPY public.patient_patient_insurances (id, patient_id, insurancecompany_id) FROM stdin;
1	1	1
\.


--
-- Data for Name: patient_prescribeddrug; Type: TABLE DATA; Schema: public; Owner: makeeasyhmis
--

COPY public.patient_prescribeddrug (id, dosage, frequency, duration, note, is_dispensed, quantity, is_billed, created_on, item_id, prescription_id) FROM stdin;
2	2	3	4	take one in a day. take after a strong meal	f	1	f	2024-12-04	2	1
1	1	3	4	take after every 8 hours	t	12	t	2024-12-04	1	1
\.


--
-- Data for Name: patient_prescription; Type: TABLE DATA; Schema: public; Owner: makeeasyhmis
--

COPY public.patient_prescription (id, date_created, start_date, created_by_id) FROM stdin;
1	2024-12-04 12:48:22.675035+03	2024-12-04	1
\.


--
-- Data for Name: patient_publicappointment; Type: TABLE DATA; Schema: public; Owner: makeeasyhmis
--

COPY public.patient_publicappointment (id, first_name, phone, second_name, date_of_birth, gender, email, phone_number, appointment_date_time, status, reason, date_created, date_changed, item_id) FROM stdin;
\.


--
-- Data for Name: patient_referral; Type: TABLE DATA; Schema: public; Owner: makeeasyhmis
--

COPY public.patient_referral (id, date_created, note, service, email, referred_by_id) FROM stdin;
\.


--
-- Data for Name: patient_triage; Type: TABLE DATA; Schema: public; Owner: makeeasyhmis
--

COPY public.patient_triage (id, created_by, date_created, temperature, height, weight, pulse, diastolic, systolic, bmi, fee, notes) FROM stdin;
1	1	2024-12-04 12:48:22.67229+03	23.00	167.00	55	55	55	44	19.7	0.00	notes
\.


--
-- Data for Name: pharmacy_publicprescriptionrequest; Type: TABLE DATA; Schema: public; Owner: makeeasyhmis
--

COPY public.pharmacy_publicprescriptionrequest (id, status, date_created, date_changed, public_prescription, patient_id) FROM stdin;
\.


--
-- Name: announcement_announcement_id_seq; Type: SEQUENCE SET; Schema: public; Owner: makeeasyhmis
--

SELECT pg_catalog.setval('public.announcement_announcement_id_seq', 1, false);


--
-- Name: announcement_channel_id_seq; Type: SEQUENCE SET; Schema: public; Owner: makeeasyhmis
--

SELECT pg_catalog.setval('public.announcement_channel_id_seq', 1, false);


--
-- Name: announcement_comment_id_seq; Type: SEQUENCE SET; Schema: public; Owner: makeeasyhmis
--

SELECT pg_catalog.setval('public.announcement_comment_id_seq', 1, false);


--
-- Name: auth_group_id_seq; Type: SEQUENCE SET; Schema: public; Owner: makeeasyhmis
--

SELECT pg_catalog.setval('public.auth_group_id_seq', 1, false);


--
-- Name: auth_group_permissions_id_seq; Type: SEQUENCE SET; Schema: public; Owner: makeeasyhmis
--

SELECT pg_catalog.setval('public.auth_group_permissions_id_seq', 1, false);


--
-- Name: auth_permission_id_seq; Type: SEQUENCE SET; Schema: public; Owner: makeeasyhmis
--

SELECT pg_catalog.setval('public.auth_permission_id_seq', 252, true);


--
-- Name: authperms_group_id_seq; Type: SEQUENCE SET; Schema: public; Owner: makeeasyhmis
--

SELECT pg_catalog.setval('public.authperms_group_id_seq', 7, true);


--
-- Name: authperms_group_permissions_id_seq; Type: SEQUENCE SET; Schema: public; Owner: makeeasyhmis
--

SELECT pg_catalog.setval('public.authperms_group_permissions_id_seq', 14, true);


--
-- Name: authperms_permission_id_seq; Type: SEQUENCE SET; Schema: public; Owner: makeeasyhmis
--

SELECT pg_catalog.setval('public.authperms_permission_id_seq', 12, true);


--
-- Name: billing_invoice_id_seq; Type: SEQUENCE SET; Schema: public; Owner: makeeasyhmis
--

SELECT pg_catalog.setval('public.billing_invoice_id_seq', 1, true);


--
-- Name: billing_invoiceitem_id_seq; Type: SEQUENCE SET; Schema: public; Owner: makeeasyhmis
--

SELECT pg_catalog.setval('public.billing_invoiceitem_id_seq', 8, true);


--
-- Name: billing_paymentmode_id_seq; Type: SEQUENCE SET; Schema: public; Owner: makeeasyhmis
--

SELECT pg_catalog.setval('public.billing_paymentmode_id_seq', 4, true);


--
-- Name: company_company_id_seq; Type: SEQUENCE SET; Schema: public; Owner: makeeasyhmis
--

SELECT pg_catalog.setval('public.company_company_id_seq', 1, false);


--
-- Name: company_companybranch_id_seq; Type: SEQUENCE SET; Schema: public; Owner: makeeasyhmis
--

SELECT pg_catalog.setval('public.company_companybranch_id_seq', 1, false);


--
-- Name: company_insurancecompany_id_seq; Type: SEQUENCE SET; Schema: public; Owner: makeeasyhmis
--

SELECT pg_catalog.setval('public.company_insurancecompany_id_seq', 3, true);


--
-- Name: customuser_customuser_id_seq; Type: SEQUENCE SET; Schema: public; Owner: makeeasyhmis
--

SELECT pg_catalog.setval('public.customuser_customuser_id_seq', 2, true);


--
-- Name: customuser_customuser_user_permissions_id_seq; Type: SEQUENCE SET; Schema: public; Owner: makeeasyhmis
--

SELECT pg_catalog.setval('public.customuser_customuser_user_permissions_id_seq', 1, false);


--
-- Name: customuser_doctorprofile_id_seq; Type: SEQUENCE SET; Schema: public; Owner: makeeasyhmis
--

SELECT pg_catalog.setval('public.customuser_doctorprofile_id_seq', 1, true);


--
-- Name: customuser_labtechprofile_id_seq; Type: SEQUENCE SET; Schema: public; Owner: makeeasyhmis
--

SELECT pg_catalog.setval('public.customuser_labtechprofile_id_seq', 1, false);


--
-- Name: customuser_nurseprofile_id_seq; Type: SEQUENCE SET; Schema: public; Owner: makeeasyhmis
--

SELECT pg_catalog.setval('public.customuser_nurseprofile_id_seq', 1, false);


--
-- Name: customuser_sysadminprofile_id_seq; Type: SEQUENCE SET; Schema: public; Owner: makeeasyhmis
--

SELECT pg_catalog.setval('public.customuser_sysadminprofile_id_seq', 1, true);


--
-- Name: django_admin_log_id_seq; Type: SEQUENCE SET; Schema: public; Owner: makeeasyhmis
--

SELECT pg_catalog.setval('public.django_admin_log_id_seq', 31, true);


--
-- Name: django_content_type_id_seq; Type: SEQUENCE SET; Schema: public; Owner: makeeasyhmis
--

SELECT pg_catalog.setval('public.django_content_type_id_seq', 63, true);


--
-- Name: django_migrations_id_seq; Type: SEQUENCE SET; Schema: public; Owner: makeeasyhmis
--

SELECT pg_catalog.setval('public.django_migrations_id_seq', 48, true);


--
-- Name: inventory_department_id_seq; Type: SEQUENCE SET; Schema: public; Owner: makeeasyhmis
--

SELECT pg_catalog.setval('public.inventory_department_id_seq', 2, true);


--
-- Name: inventory_departmentinventory_id_seq; Type: SEQUENCE SET; Schema: public; Owner: makeeasyhmis
--

SELECT pg_catalog.setval('public.inventory_departmentinventory_id_seq', 1, false);


--
-- Name: inventory_incomingitem_id_seq; Type: SEQUENCE SET; Schema: public; Owner: makeeasyhmis
--

SELECT pg_catalog.setval('public.inventory_incomingitem_id_seq', 1, false);


--
-- Name: inventory_incomingitemsreceiptnote_id_seq; Type: SEQUENCE SET; Schema: public; Owner: makeeasyhmis
--

SELECT pg_catalog.setval('public.inventory_incomingitemsreceiptnote_id_seq', 1, false);


--
-- Name: inventory_inventory_id_seq; Type: SEQUENCE SET; Schema: public; Owner: makeeasyhmis
--

SELECT pg_catalog.setval('public.inventory_inventory_id_seq', 10, true);


--
-- Name: inventory_inventoryinsurancesaleprice_id_seq; Type: SEQUENCE SET; Schema: public; Owner: makeeasyhmis
--

SELECT pg_catalog.setval('public.inventory_inventoryinsurancesaleprice_id_seq', 8, true);


--
-- Name: inventory_item_id_seq; Type: SEQUENCE SET; Schema: public; Owner: makeeasyhmis
--

SELECT pg_catalog.setval('public.inventory_item_id_seq', 10, true);


--
-- Name: inventory_purchaseorder_id_seq; Type: SEQUENCE SET; Schema: public; Owner: makeeasyhmis
--

SELECT pg_catalog.setval('public.inventory_purchaseorder_id_seq', 3, true);


--
-- Name: inventory_purchaseorderitem_id_seq; Type: SEQUENCE SET; Schema: public; Owner: makeeasyhmis
--

SELECT pg_catalog.setval('public.inventory_purchaseorderitem_id_seq', 3, true);


--
-- Name: inventory_requisition_id_seq; Type: SEQUENCE SET; Schema: public; Owner: makeeasyhmis
--

SELECT pg_catalog.setval('public.inventory_requisition_id_seq', 1, true);


--
-- Name: inventory_requisitionitem_id_seq; Type: SEQUENCE SET; Schema: public; Owner: makeeasyhmis
--

SELECT pg_catalog.setval('public.inventory_requisitionitem_id_seq', 3, true);


--
-- Name: inventory_supplier_id_seq; Type: SEQUENCE SET; Schema: public; Owner: makeeasyhmis
--

SELECT pg_catalog.setval('public.inventory_supplier_id_seq', 3, true);


--
-- Name: laboratory_equipmenttestrequest_id_seq; Type: SEQUENCE SET; Schema: public; Owner: makeeasyhmis
--

SELECT pg_catalog.setval('public.laboratory_equipmenttestrequest_id_seq', 1, true);


--
-- Name: laboratory_labequipment_id_seq; Type: SEQUENCE SET; Schema: public; Owner: makeeasyhmis
--

SELECT pg_catalog.setval('public.laboratory_labequipment_id_seq', 3, true);


--
-- Name: laboratory_labreagent_id_seq; Type: SEQUENCE SET; Schema: public; Owner: makeeasyhmis
--

SELECT pg_catalog.setval('public.laboratory_labreagent_id_seq', 1, false);


--
-- Name: laboratory_labtestpanel_id_seq; Type: SEQUENCE SET; Schema: public; Owner: makeeasyhmis
--

SELECT pg_catalog.setval('public.laboratory_labtestpanel_id_seq', 5, true);


--
-- Name: laboratory_labtestprofile_id_seq; Type: SEQUENCE SET; Schema: public; Owner: makeeasyhmis
--

SELECT pg_catalog.setval('public.laboratory_labtestprofile_id_seq', 5, true);


--
-- Name: laboratory_labtestrequest_id_seq; Type: SEQUENCE SET; Schema: public; Owner: makeeasyhmis
--

SELECT pg_catalog.setval('public.laboratory_labtestrequest_id_seq', 3, true);


--
-- Name: laboratory_labtestrequestpanel_id_seq; Type: SEQUENCE SET; Schema: public; Owner: makeeasyhmis
--

SELECT pg_catalog.setval('public.laboratory_labtestrequestpanel_id_seq', 5, true);


--
-- Name: laboratory_patientsample_id_seq; Type: SEQUENCE SET; Schema: public; Owner: makeeasyhmis
--

SELECT pg_catalog.setval('public.laboratory_patientsample_id_seq', 2, true);


--
-- Name: laboratory_processtestrequest_id_seq; Type: SEQUENCE SET; Schema: public; Owner: makeeasyhmis
--

SELECT pg_catalog.setval('public.laboratory_processtestrequest_id_seq', 1, true);


--
-- Name: laboratory_publiclabtestrequest_id_seq; Type: SEQUENCE SET; Schema: public; Owner: makeeasyhmis
--

SELECT pg_catalog.setval('public.laboratory_publiclabtestrequest_id_seq', 1, false);


--
-- Name: laboratory_referencevalue_id_seq; Type: SEQUENCE SET; Schema: public; Owner: makeeasyhmis
--

SELECT pg_catalog.setval('public.laboratory_referencevalue_id_seq', 1, false);


--
-- Name: laboratory_specimen_id_seq; Type: SEQUENCE SET; Schema: public; Owner: makeeasyhmis
--

SELECT pg_catalog.setval('public.laboratory_specimen_id_seq', 2, true);


--
-- Name: patient_appointment_id_seq; Type: SEQUENCE SET; Schema: public; Owner: makeeasyhmis
--

SELECT pg_catalog.setval('public.patient_appointment_id_seq', 1, false);


--
-- Name: patient_attendanceprocess_id_seq; Type: SEQUENCE SET; Schema: public; Owner: makeeasyhmis
--

SELECT pg_catalog.setval('public.patient_attendanceprocess_id_seq', 1, true);


--
-- Name: patient_consultation_id_seq; Type: SEQUENCE SET; Schema: public; Owner: makeeasyhmis
--

SELECT pg_catalog.setval('public.patient_consultation_id_seq', 1, false);


--
-- Name: patient_contactdetails_id_seq; Type: SEQUENCE SET; Schema: public; Owner: makeeasyhmis
--

SELECT pg_catalog.setval('public.patient_contactdetails_id_seq', 1, true);


--
-- Name: patient_nextofkin_id_seq; Type: SEQUENCE SET; Schema: public; Owner: makeeasyhmis
--

SELECT pg_catalog.setval('public.patient_nextofkin_id_seq', 1, true);


--
-- Name: patient_patient_id_seq; Type: SEQUENCE SET; Schema: public; Owner: makeeasyhmis
--

SELECT pg_catalog.setval('public.patient_patient_id_seq', 1, true);


--
-- Name: patient_patient_insurances_id_seq; Type: SEQUENCE SET; Schema: public; Owner: makeeasyhmis
--

SELECT pg_catalog.setval('public.patient_patient_insurances_id_seq', 1, true);


--
-- Name: patient_prescribeddrug_id_seq; Type: SEQUENCE SET; Schema: public; Owner: makeeasyhmis
--

SELECT pg_catalog.setval('public.patient_prescribeddrug_id_seq', 2, true);


--
-- Name: patient_prescription_id_seq; Type: SEQUENCE SET; Schema: public; Owner: makeeasyhmis
--

SELECT pg_catalog.setval('public.patient_prescription_id_seq', 1, true);


--
-- Name: patient_publicappointment_id_seq; Type: SEQUENCE SET; Schema: public; Owner: makeeasyhmis
--

SELECT pg_catalog.setval('public.patient_publicappointment_id_seq', 1, false);


--
-- Name: patient_referral_id_seq; Type: SEQUENCE SET; Schema: public; Owner: makeeasyhmis
--

SELECT pg_catalog.setval('public.patient_referral_id_seq', 1, false);


--
-- Name: patient_triage_id_seq; Type: SEQUENCE SET; Schema: public; Owner: makeeasyhmis
--

SELECT pg_catalog.setval('public.patient_triage_id_seq', 1, true);


--
-- Name: pharmacy_publicprescriptionrequest_id_seq; Type: SEQUENCE SET; Schema: public; Owner: makeeasyhmis
--

SELECT pg_catalog.setval('public.pharmacy_publicprescriptionrequest_id_seq', 1, false);


--
-- Name: announcement_announcement announcement_announcement_pkey; Type: CONSTRAINT; Schema: public; Owner: makeeasyhmis
--

ALTER TABLE ONLY public.announcement_announcement
    ADD CONSTRAINT announcement_announcement_pkey PRIMARY KEY (id);


--
-- Name: announcement_channel announcement_channel_pkey; Type: CONSTRAINT; Schema: public; Owner: makeeasyhmis
--

ALTER TABLE ONLY public.announcement_channel
    ADD CONSTRAINT announcement_channel_pkey PRIMARY KEY (id);


--
-- Name: announcement_comment announcement_comment_pkey; Type: CONSTRAINT; Schema: public; Owner: makeeasyhmis
--

ALTER TABLE ONLY public.announcement_comment
    ADD CONSTRAINT announcement_comment_pkey PRIMARY KEY (id);


--
-- Name: auth_group auth_group_name_key; Type: CONSTRAINT; Schema: public; Owner: makeeasyhmis
--

ALTER TABLE ONLY public.auth_group
    ADD CONSTRAINT auth_group_name_key UNIQUE (name);


--
-- Name: auth_group_permissions auth_group_permissions_group_id_permission_id_0cd325b0_uniq; Type: CONSTRAINT; Schema: public; Owner: makeeasyhmis
--

ALTER TABLE ONLY public.auth_group_permissions
    ADD CONSTRAINT auth_group_permissions_group_id_permission_id_0cd325b0_uniq UNIQUE (group_id, permission_id);


--
-- Name: auth_group_permissions auth_group_permissions_pkey; Type: CONSTRAINT; Schema: public; Owner: makeeasyhmis
--

ALTER TABLE ONLY public.auth_group_permissions
    ADD CONSTRAINT auth_group_permissions_pkey PRIMARY KEY (id);


--
-- Name: auth_group auth_group_pkey; Type: CONSTRAINT; Schema: public; Owner: makeeasyhmis
--

ALTER TABLE ONLY public.auth_group
    ADD CONSTRAINT auth_group_pkey PRIMARY KEY (id);


--
-- Name: auth_permission auth_permission_content_type_id_codename_01ab375a_uniq; Type: CONSTRAINT; Schema: public; Owner: makeeasyhmis
--

ALTER TABLE ONLY public.auth_permission
    ADD CONSTRAINT auth_permission_content_type_id_codename_01ab375a_uniq UNIQUE (content_type_id, codename);


--
-- Name: auth_permission auth_permission_pkey; Type: CONSTRAINT; Schema: public; Owner: makeeasyhmis
--

ALTER TABLE ONLY public.auth_permission
    ADD CONSTRAINT auth_permission_pkey PRIMARY KEY (id);


--
-- Name: authperms_group authperms_group_name_key; Type: CONSTRAINT; Schema: public; Owner: makeeasyhmis
--

ALTER TABLE ONLY public.authperms_group
    ADD CONSTRAINT authperms_group_name_key UNIQUE (name);


--
-- Name: authperms_group_permissions authperms_group_permissi_group_id_permission_id_335031b7_uniq; Type: CONSTRAINT; Schema: public; Owner: makeeasyhmis
--

ALTER TABLE ONLY public.authperms_group_permissions
    ADD CONSTRAINT authperms_group_permissi_group_id_permission_id_335031b7_uniq UNIQUE (group_id, permission_id);


--
-- Name: authperms_group_permissions authperms_group_permissions_pkey; Type: CONSTRAINT; Schema: public; Owner: makeeasyhmis
--

ALTER TABLE ONLY public.authperms_group_permissions
    ADD CONSTRAINT authperms_group_permissions_pkey PRIMARY KEY (id);


--
-- Name: authperms_group authperms_group_pkey; Type: CONSTRAINT; Schema: public; Owner: makeeasyhmis
--

ALTER TABLE ONLY public.authperms_group
    ADD CONSTRAINT authperms_group_pkey PRIMARY KEY (id);


--
-- Name: authperms_permission authperms_permission_pkey; Type: CONSTRAINT; Schema: public; Owner: makeeasyhmis
--

ALTER TABLE ONLY public.authperms_permission
    ADD CONSTRAINT authperms_permission_pkey PRIMARY KEY (id);


--
-- Name: billing_invoice billing_invoice_pkey; Type: CONSTRAINT; Schema: public; Owner: makeeasyhmis
--

ALTER TABLE ONLY public.billing_invoice
    ADD CONSTRAINT billing_invoice_pkey PRIMARY KEY (id);


--
-- Name: billing_invoiceitem billing_invoiceitem_pkey; Type: CONSTRAINT; Schema: public; Owner: makeeasyhmis
--

ALTER TABLE ONLY public.billing_invoiceitem
    ADD CONSTRAINT billing_invoiceitem_pkey PRIMARY KEY (id);


--
-- Name: billing_paymentmode billing_paymentmode_pkey; Type: CONSTRAINT; Schema: public; Owner: makeeasyhmis
--

ALTER TABLE ONLY public.billing_paymentmode
    ADD CONSTRAINT billing_paymentmode_pkey PRIMARY KEY (id);


--
-- Name: company_company company_company_pkey; Type: CONSTRAINT; Schema: public; Owner: makeeasyhmis
--

ALTER TABLE ONLY public.company_company
    ADD CONSTRAINT company_company_pkey PRIMARY KEY (id);


--
-- Name: company_companybranch company_companybranch_pkey; Type: CONSTRAINT; Schema: public; Owner: makeeasyhmis
--

ALTER TABLE ONLY public.company_companybranch
    ADD CONSTRAINT company_companybranch_pkey PRIMARY KEY (id);


--
-- Name: company_insurancecompany company_insurancecompany_pkey; Type: CONSTRAINT; Schema: public; Owner: makeeasyhmis
--

ALTER TABLE ONLY public.company_insurancecompany
    ADD CONSTRAINT company_insurancecompany_pkey PRIMARY KEY (id);


--
-- Name: customuser_customuser customuser_customuser_email_key; Type: CONSTRAINT; Schema: public; Owner: makeeasyhmis
--

ALTER TABLE ONLY public.customuser_customuser
    ADD CONSTRAINT customuser_customuser_email_key UNIQUE (email);


--
-- Name: customuser_customuser customuser_customuser_pkey; Type: CONSTRAINT; Schema: public; Owner: makeeasyhmis
--

ALTER TABLE ONLY public.customuser_customuser
    ADD CONSTRAINT customuser_customuser_pkey PRIMARY KEY (id);


--
-- Name: customuser_customuser_user_permissions customuser_customuser_us_customuser_id_permission_0e00e604_uniq; Type: CONSTRAINT; Schema: public; Owner: makeeasyhmis
--

ALTER TABLE ONLY public.customuser_customuser_user_permissions
    ADD CONSTRAINT customuser_customuser_us_customuser_id_permission_0e00e604_uniq UNIQUE (customuser_id, permission_id);


--
-- Name: customuser_customuser_user_permissions customuser_customuser_user_permissions_pkey; Type: CONSTRAINT; Schema: public; Owner: makeeasyhmis
--

ALTER TABLE ONLY public.customuser_customuser_user_permissions
    ADD CONSTRAINT customuser_customuser_user_permissions_pkey PRIMARY KEY (id);


--
-- Name: customuser_doctorprofile customuser_doctorprofile_pkey; Type: CONSTRAINT; Schema: public; Owner: makeeasyhmis
--

ALTER TABLE ONLY public.customuser_doctorprofile
    ADD CONSTRAINT customuser_doctorprofile_pkey PRIMARY KEY (id);


--
-- Name: customuser_doctorprofile customuser_doctorprofile_user_id_key; Type: CONSTRAINT; Schema: public; Owner: makeeasyhmis
--

ALTER TABLE ONLY public.customuser_doctorprofile
    ADD CONSTRAINT customuser_doctorprofile_user_id_key UNIQUE (user_id);


--
-- Name: customuser_labtechprofile customuser_labtechprofile_pkey; Type: CONSTRAINT; Schema: public; Owner: makeeasyhmis
--

ALTER TABLE ONLY public.customuser_labtechprofile
    ADD CONSTRAINT customuser_labtechprofile_pkey PRIMARY KEY (id);


--
-- Name: customuser_labtechprofile customuser_labtechprofile_user_id_key; Type: CONSTRAINT; Schema: public; Owner: makeeasyhmis
--

ALTER TABLE ONLY public.customuser_labtechprofile
    ADD CONSTRAINT customuser_labtechprofile_user_id_key UNIQUE (user_id);


--
-- Name: customuser_nurseprofile customuser_nurseprofile_pkey; Type: CONSTRAINT; Schema: public; Owner: makeeasyhmis
--

ALTER TABLE ONLY public.customuser_nurseprofile
    ADD CONSTRAINT customuser_nurseprofile_pkey PRIMARY KEY (id);


--
-- Name: customuser_nurseprofile customuser_nurseprofile_user_id_key; Type: CONSTRAINT; Schema: public; Owner: makeeasyhmis
--

ALTER TABLE ONLY public.customuser_nurseprofile
    ADD CONSTRAINT customuser_nurseprofile_user_id_key UNIQUE (user_id);


--
-- Name: customuser_receptionistprofile customuser_receptionistprofile_pkey; Type: CONSTRAINT; Schema: public; Owner: makeeasyhmis
--

ALTER TABLE ONLY public.customuser_receptionistprofile
    ADD CONSTRAINT customuser_receptionistprofile_pkey PRIMARY KEY (id);


--
-- Name: customuser_receptionistprofile customuser_receptionistprofile_user_id_key; Type: CONSTRAINT; Schema: public; Owner: makeeasyhmis
--

ALTER TABLE ONLY public.customuser_receptionistprofile
    ADD CONSTRAINT customuser_receptionistprofile_user_id_key UNIQUE (user_id);


--
-- Name: customuser_sysadminprofile customuser_sysadminprofile_pkey; Type: CONSTRAINT; Schema: public; Owner: makeeasyhmis
--

ALTER TABLE ONLY public.customuser_sysadminprofile
    ADD CONSTRAINT customuser_sysadminprofile_pkey PRIMARY KEY (id);


--
-- Name: customuser_sysadminprofile customuser_sysadminprofile_user_id_key; Type: CONSTRAINT; Schema: public; Owner: makeeasyhmis
--

ALTER TABLE ONLY public.customuser_sysadminprofile
    ADD CONSTRAINT customuser_sysadminprofile_user_id_key UNIQUE (user_id);


--
-- Name: django_admin_log django_admin_log_pkey; Type: CONSTRAINT; Schema: public; Owner: makeeasyhmis
--

ALTER TABLE ONLY public.django_admin_log
    ADD CONSTRAINT django_admin_log_pkey PRIMARY KEY (id);


--
-- Name: django_content_type django_content_type_app_label_model_76bd3d3b_uniq; Type: CONSTRAINT; Schema: public; Owner: makeeasyhmis
--

ALTER TABLE ONLY public.django_content_type
    ADD CONSTRAINT django_content_type_app_label_model_76bd3d3b_uniq UNIQUE (app_label, model);


--
-- Name: django_content_type django_content_type_pkey; Type: CONSTRAINT; Schema: public; Owner: makeeasyhmis
--

ALTER TABLE ONLY public.django_content_type
    ADD CONSTRAINT django_content_type_pkey PRIMARY KEY (id);


--
-- Name: django_migrations django_migrations_pkey; Type: CONSTRAINT; Schema: public; Owner: makeeasyhmis
--

ALTER TABLE ONLY public.django_migrations
    ADD CONSTRAINT django_migrations_pkey PRIMARY KEY (id);


--
-- Name: django_session django_session_pkey; Type: CONSTRAINT; Schema: public; Owner: makeeasyhmis
--

ALTER TABLE ONLY public.django_session
    ADD CONSTRAINT django_session_pkey PRIMARY KEY (session_key);


--
-- Name: inventory_department inventory_department_pkey; Type: CONSTRAINT; Schema: public; Owner: makeeasyhmis
--

ALTER TABLE ONLY public.inventory_department
    ADD CONSTRAINT inventory_department_pkey PRIMARY KEY (id);


--
-- Name: inventory_departmentinventory inventory_departmentinventory_pkey; Type: CONSTRAINT; Schema: public; Owner: makeeasyhmis
--

ALTER TABLE ONLY public.inventory_departmentinventory
    ADD CONSTRAINT inventory_departmentinventory_pkey PRIMARY KEY (id);


--
-- Name: inventory_incomingitem inventory_incomingitem_pkey; Type: CONSTRAINT; Schema: public; Owner: makeeasyhmis
--

ALTER TABLE ONLY public.inventory_incomingitem
    ADD CONSTRAINT inventory_incomingitem_pkey PRIMARY KEY (id);


--
-- Name: inventory_incomingitemsreceiptnote inventory_incomingitemsreceiptnote_pkey; Type: CONSTRAINT; Schema: public; Owner: makeeasyhmis
--

ALTER TABLE ONLY public.inventory_incomingitemsreceiptnote
    ADD CONSTRAINT inventory_incomingitemsreceiptnote_pkey PRIMARY KEY (id);


--
-- Name: inventory_inventory inventory_inventory_pkey; Type: CONSTRAINT; Schema: public; Owner: makeeasyhmis
--

ALTER TABLE ONLY public.inventory_inventory
    ADD CONSTRAINT inventory_inventory_pkey PRIMARY KEY (id);


--
-- Name: inventory_inventoryinsurancesaleprice inventory_inventoryinsur_inventory_item_id_insura_0ebeddc0_uniq; Type: CONSTRAINT; Schema: public; Owner: makeeasyhmis
--

ALTER TABLE ONLY public.inventory_inventoryinsurancesaleprice
    ADD CONSTRAINT inventory_inventoryinsur_inventory_item_id_insura_0ebeddc0_uniq UNIQUE (inventory_item_id, insurance_company_id);


--
-- Name: inventory_inventoryinsurancesaleprice inventory_inventoryinsurancesaleprice_pkey; Type: CONSTRAINT; Schema: public; Owner: makeeasyhmis
--

ALTER TABLE ONLY public.inventory_inventoryinsurancesaleprice
    ADD CONSTRAINT inventory_inventoryinsurancesaleprice_pkey PRIMARY KEY (id);


--
-- Name: inventory_item inventory_item_item_code_key; Type: CONSTRAINT; Schema: public; Owner: makeeasyhmis
--

ALTER TABLE ONLY public.inventory_item
    ADD CONSTRAINT inventory_item_item_code_key UNIQUE (item_code);


--
-- Name: inventory_item inventory_item_pkey; Type: CONSTRAINT; Schema: public; Owner: makeeasyhmis
--

ALTER TABLE ONLY public.inventory_item
    ADD CONSTRAINT inventory_item_pkey PRIMARY KEY (id);


--
-- Name: inventory_purchaseorder inventory_purchaseorder_PO_number_key; Type: CONSTRAINT; Schema: public; Owner: makeeasyhmis
--

ALTER TABLE ONLY public.inventory_purchaseorder
    ADD CONSTRAINT "inventory_purchaseorder_PO_number_key" UNIQUE ("PO_number");


--
-- Name: inventory_purchaseorder inventory_purchaseorder_pkey; Type: CONSTRAINT; Schema: public; Owner: makeeasyhmis
--

ALTER TABLE ONLY public.inventory_purchaseorder
    ADD CONSTRAINT inventory_purchaseorder_pkey PRIMARY KEY (id);


--
-- Name: inventory_purchaseorderitem inventory_purchaseorderitem_pkey; Type: CONSTRAINT; Schema: public; Owner: makeeasyhmis
--

ALTER TABLE ONLY public.inventory_purchaseorderitem
    ADD CONSTRAINT inventory_purchaseorderitem_pkey PRIMARY KEY (id);


--
-- Name: inventory_requisition inventory_requisition_pkey; Type: CONSTRAINT; Schema: public; Owner: makeeasyhmis
--

ALTER TABLE ONLY public.inventory_requisition
    ADD CONSTRAINT inventory_requisition_pkey PRIMARY KEY (id);


--
-- Name: inventory_requisition inventory_requisition_requisition_number_4b3c61f7_uniq; Type: CONSTRAINT; Schema: public; Owner: makeeasyhmis
--

ALTER TABLE ONLY public.inventory_requisition
    ADD CONSTRAINT inventory_requisition_requisition_number_4b3c61f7_uniq UNIQUE (requisition_number);


--
-- Name: inventory_requisitionitem inventory_requisitionitem_pkey; Type: CONSTRAINT; Schema: public; Owner: makeeasyhmis
--

ALTER TABLE ONLY public.inventory_requisitionitem
    ADD CONSTRAINT inventory_requisitionitem_pkey PRIMARY KEY (id);


--
-- Name: inventory_supplier inventory_supplier_pkey; Type: CONSTRAINT; Schema: public; Owner: makeeasyhmis
--

ALTER TABLE ONLY public.inventory_supplier
    ADD CONSTRAINT inventory_supplier_pkey PRIMARY KEY (id);


--
-- Name: laboratory_equipmenttestrequest laboratory_equipmenttestrequest_pkey; Type: CONSTRAINT; Schema: public; Owner: makeeasyhmis
--

ALTER TABLE ONLY public.laboratory_equipmenttestrequest
    ADD CONSTRAINT laboratory_equipmenttestrequest_pkey PRIMARY KEY (id);


--
-- Name: laboratory_labequipment laboratory_labequipment_pkey; Type: CONSTRAINT; Schema: public; Owner: makeeasyhmis
--

ALTER TABLE ONLY public.laboratory_labequipment
    ADD CONSTRAINT laboratory_labequipment_pkey PRIMARY KEY (id);


--
-- Name: laboratory_labreagent laboratory_labreagent_pkey; Type: CONSTRAINT; Schema: public; Owner: makeeasyhmis
--

ALTER TABLE ONLY public.laboratory_labreagent
    ADD CONSTRAINT laboratory_labreagent_pkey PRIMARY KEY (id);


--
-- Name: laboratory_labtestpanel laboratory_labtestpanel_pkey; Type: CONSTRAINT; Schema: public; Owner: makeeasyhmis
--

ALTER TABLE ONLY public.laboratory_labtestpanel
    ADD CONSTRAINT laboratory_labtestpanel_pkey PRIMARY KEY (id);


--
-- Name: laboratory_labtestprofile laboratory_labtestprofile_pkey; Type: CONSTRAINT; Schema: public; Owner: makeeasyhmis
--

ALTER TABLE ONLY public.laboratory_labtestprofile
    ADD CONSTRAINT laboratory_labtestprofile_pkey PRIMARY KEY (id);


--
-- Name: laboratory_labtestrequest laboratory_labtestrequest_pkey; Type: CONSTRAINT; Schema: public; Owner: makeeasyhmis
--

ALTER TABLE ONLY public.laboratory_labtestrequest
    ADD CONSTRAINT laboratory_labtestrequest_pkey PRIMARY KEY (id);


--
-- Name: laboratory_labtestrequestpanel laboratory_labtestrequestpanel_pkey; Type: CONSTRAINT; Schema: public; Owner: makeeasyhmis
--

ALTER TABLE ONLY public.laboratory_labtestrequestpanel
    ADD CONSTRAINT laboratory_labtestrequestpanel_pkey PRIMARY KEY (id);


--
-- Name: laboratory_patientsample laboratory_patientsample_pkey; Type: CONSTRAINT; Schema: public; Owner: makeeasyhmis
--

ALTER TABLE ONLY public.laboratory_patientsample
    ADD CONSTRAINT laboratory_patientsample_pkey PRIMARY KEY (id);


--
-- Name: laboratory_processtestrequest laboratory_processtestrequest_pkey; Type: CONSTRAINT; Schema: public; Owner: makeeasyhmis
--

ALTER TABLE ONLY public.laboratory_processtestrequest
    ADD CONSTRAINT laboratory_processtestrequest_pkey PRIMARY KEY (id);


--
-- Name: laboratory_publiclabtestrequest laboratory_publiclabtestrequest_pkey; Type: CONSTRAINT; Schema: public; Owner: makeeasyhmis
--

ALTER TABLE ONLY public.laboratory_publiclabtestrequest
    ADD CONSTRAINT laboratory_publiclabtestrequest_pkey PRIMARY KEY (id);


--
-- Name: laboratory_referencevalue laboratory_referencevalue_pkey; Type: CONSTRAINT; Schema: public; Owner: makeeasyhmis
--

ALTER TABLE ONLY public.laboratory_referencevalue
    ADD CONSTRAINT laboratory_referencevalue_pkey PRIMARY KEY (id);


--
-- Name: laboratory_specimen laboratory_specimen_pkey; Type: CONSTRAINT; Schema: public; Owner: makeeasyhmis
--

ALTER TABLE ONLY public.laboratory_specimen
    ADD CONSTRAINT laboratory_specimen_pkey PRIMARY KEY (id);


--
-- Name: patient_appointment patient_appointment_pkey; Type: CONSTRAINT; Schema: public; Owner: makeeasyhmis
--

ALTER TABLE ONLY public.patient_appointment
    ADD CONSTRAINT patient_appointment_pkey PRIMARY KEY (id);


--
-- Name: patient_attendanceprocess patient_attendanceprocess_invoice_id_key; Type: CONSTRAINT; Schema: public; Owner: makeeasyhmis
--

ALTER TABLE ONLY public.patient_attendanceprocess
    ADD CONSTRAINT patient_attendanceprocess_invoice_id_key UNIQUE (invoice_id);


--
-- Name: patient_attendanceprocess patient_attendanceprocess_pkey; Type: CONSTRAINT; Schema: public; Owner: makeeasyhmis
--

ALTER TABLE ONLY public.patient_attendanceprocess
    ADD CONSTRAINT patient_attendanceprocess_pkey PRIMARY KEY (id);


--
-- Name: patient_attendanceprocess patient_attendanceprocess_prescription_id_key; Type: CONSTRAINT; Schema: public; Owner: makeeasyhmis
--

ALTER TABLE ONLY public.patient_attendanceprocess
    ADD CONSTRAINT patient_attendanceprocess_prescription_id_key UNIQUE (prescription_id);


--
-- Name: patient_attendanceprocess patient_attendanceprocess_process_test_req_id_key; Type: CONSTRAINT; Schema: public; Owner: makeeasyhmis
--

ALTER TABLE ONLY public.patient_attendanceprocess
    ADD CONSTRAINT patient_attendanceprocess_process_test_req_id_key UNIQUE (process_test_req_id);


--
-- Name: patient_attendanceprocess patient_attendanceprocess_track_number_key; Type: CONSTRAINT; Schema: public; Owner: makeeasyhmis
--

ALTER TABLE ONLY public.patient_attendanceprocess
    ADD CONSTRAINT patient_attendanceprocess_track_number_key UNIQUE (track_number);


--
-- Name: patient_attendanceprocess patient_attendanceprocess_triage_id_key; Type: CONSTRAINT; Schema: public; Owner: makeeasyhmis
--

ALTER TABLE ONLY public.patient_attendanceprocess
    ADD CONSTRAINT patient_attendanceprocess_triage_id_key UNIQUE (triage_id);


--
-- Name: patient_consultation patient_consultation_pkey; Type: CONSTRAINT; Schema: public; Owner: makeeasyhmis
--

ALTER TABLE ONLY public.patient_consultation
    ADD CONSTRAINT patient_consultation_pkey PRIMARY KEY (id);


--
-- Name: patient_contactdetails patient_contactdetails_pkey; Type: CONSTRAINT; Schema: public; Owner: makeeasyhmis
--

ALTER TABLE ONLY public.patient_contactdetails
    ADD CONSTRAINT patient_contactdetails_pkey PRIMARY KEY (id);


--
-- Name: patient_nextofkin patient_nextofkin_pkey; Type: CONSTRAINT; Schema: public; Owner: makeeasyhmis
--

ALTER TABLE ONLY public.patient_nextofkin
    ADD CONSTRAINT patient_nextofkin_pkey PRIMARY KEY (id);


--
-- Name: patient_patient_insurances patient_patient_insuranc_patient_id_insurancecomp_98b86bda_uniq; Type: CONSTRAINT; Schema: public; Owner: makeeasyhmis
--

ALTER TABLE ONLY public.patient_patient_insurances
    ADD CONSTRAINT patient_patient_insuranc_patient_id_insurancecomp_98b86bda_uniq UNIQUE (patient_id, insurancecompany_id);


--
-- Name: patient_patient_insurances patient_patient_insurances_pkey; Type: CONSTRAINT; Schema: public; Owner: makeeasyhmis
--

ALTER TABLE ONLY public.patient_patient_insurances
    ADD CONSTRAINT patient_patient_insurances_pkey PRIMARY KEY (id);


--
-- Name: patient_patient patient_patient_pkey; Type: CONSTRAINT; Schema: public; Owner: makeeasyhmis
--

ALTER TABLE ONLY public.patient_patient
    ADD CONSTRAINT patient_patient_pkey PRIMARY KEY (id);


--
-- Name: patient_patient patient_patient_unique_id_key; Type: CONSTRAINT; Schema: public; Owner: makeeasyhmis
--

ALTER TABLE ONLY public.patient_patient
    ADD CONSTRAINT patient_patient_unique_id_key UNIQUE (unique_id);


--
-- Name: patient_patient patient_patient_user_id_key; Type: CONSTRAINT; Schema: public; Owner: makeeasyhmis
--

ALTER TABLE ONLY public.patient_patient
    ADD CONSTRAINT patient_patient_user_id_key UNIQUE (user_id);


--
-- Name: patient_prescribeddrug patient_prescribeddrug_pkey; Type: CONSTRAINT; Schema: public; Owner: makeeasyhmis
--

ALTER TABLE ONLY public.patient_prescribeddrug
    ADD CONSTRAINT patient_prescribeddrug_pkey PRIMARY KEY (id);


--
-- Name: patient_prescribeddrug patient_prescribeddrug_prescription_id_item_id_9cce1dee_uniq; Type: CONSTRAINT; Schema: public; Owner: makeeasyhmis
--

ALTER TABLE ONLY public.patient_prescribeddrug
    ADD CONSTRAINT patient_prescribeddrug_prescription_id_item_id_9cce1dee_uniq UNIQUE (prescription_id, item_id);


--
-- Name: patient_prescription patient_prescription_pkey; Type: CONSTRAINT; Schema: public; Owner: makeeasyhmis
--

ALTER TABLE ONLY public.patient_prescription
    ADD CONSTRAINT patient_prescription_pkey PRIMARY KEY (id);


--
-- Name: patient_publicappointment patient_publicappointment_pkey; Type: CONSTRAINT; Schema: public; Owner: makeeasyhmis
--

ALTER TABLE ONLY public.patient_publicappointment
    ADD CONSTRAINT patient_publicappointment_pkey PRIMARY KEY (id);


--
-- Name: patient_referral patient_referral_pkey; Type: CONSTRAINT; Schema: public; Owner: makeeasyhmis
--

ALTER TABLE ONLY public.patient_referral
    ADD CONSTRAINT patient_referral_pkey PRIMARY KEY (id);


--
-- Name: patient_triage patient_triage_pkey; Type: CONSTRAINT; Schema: public; Owner: makeeasyhmis
--

ALTER TABLE ONLY public.patient_triage
    ADD CONSTRAINT patient_triage_pkey PRIMARY KEY (id);


--
-- Name: pharmacy_publicprescriptionrequest pharmacy_publicprescriptionrequest_pkey; Type: CONSTRAINT; Schema: public; Owner: makeeasyhmis
--

ALTER TABLE ONLY public.pharmacy_publicprescriptionrequest
    ADD CONSTRAINT pharmacy_publicprescriptionrequest_pkey PRIMARY KEY (id);


--
-- Name: announcement_announcement_channel_id_18f9e49b; Type: INDEX; Schema: public; Owner: makeeasyhmis
--

CREATE INDEX announcement_announcement_channel_id_18f9e49b ON public.announcement_announcement USING btree (channel_id);


--
-- Name: announcement_announcement_created_by_id_f633b89a; Type: INDEX; Schema: public; Owner: makeeasyhmis
--

CREATE INDEX announcement_announcement_created_by_id_f633b89a ON public.announcement_announcement USING btree (created_by_id);


--
-- Name: announcement_comment_announcement_id_aedb86ed; Type: INDEX; Schema: public; Owner: makeeasyhmis
--

CREATE INDEX announcement_comment_announcement_id_aedb86ed ON public.announcement_comment USING btree (announcement_id);


--
-- Name: announcement_comment_created_by_id_7adad29b; Type: INDEX; Schema: public; Owner: makeeasyhmis
--

CREATE INDEX announcement_comment_created_by_id_7adad29b ON public.announcement_comment USING btree (created_by_id);


--
-- Name: auth_group_name_a6ea08ec_like; Type: INDEX; Schema: public; Owner: makeeasyhmis
--

CREATE INDEX auth_group_name_a6ea08ec_like ON public.auth_group USING btree (name varchar_pattern_ops);


--
-- Name: auth_group_permissions_group_id_b120cbf9; Type: INDEX; Schema: public; Owner: makeeasyhmis
--

CREATE INDEX auth_group_permissions_group_id_b120cbf9 ON public.auth_group_permissions USING btree (group_id);


--
-- Name: auth_group_permissions_permission_id_84c5c92e; Type: INDEX; Schema: public; Owner: makeeasyhmis
--

CREATE INDEX auth_group_permissions_permission_id_84c5c92e ON public.auth_group_permissions USING btree (permission_id);


--
-- Name: auth_permission_content_type_id_2f476e4b; Type: INDEX; Schema: public; Owner: makeeasyhmis
--

CREATE INDEX auth_permission_content_type_id_2f476e4b ON public.auth_permission USING btree (content_type_id);


--
-- Name: authperms_group_name_53659269_like; Type: INDEX; Schema: public; Owner: makeeasyhmis
--

CREATE INDEX authperms_group_name_53659269_like ON public.authperms_group USING btree (name varchar_pattern_ops);


--
-- Name: authperms_group_permissions_group_id_d67f0a71; Type: INDEX; Schema: public; Owner: makeeasyhmis
--

CREATE INDEX authperms_group_permissions_group_id_d67f0a71 ON public.authperms_group_permissions USING btree (group_id);


--
-- Name: authperms_group_permissions_permission_id_0463ebc8; Type: INDEX; Schema: public; Owner: makeeasyhmis
--

CREATE INDEX authperms_group_permissions_permission_id_0463ebc8 ON public.authperms_group_permissions USING btree (permission_id);


--
-- Name: billing_invoice_patient_id_62776827; Type: INDEX; Schema: public; Owner: makeeasyhmis
--

CREATE INDEX billing_invoice_patient_id_62776827 ON public.billing_invoice USING btree (patient_id);


--
-- Name: billing_invoiceitem_invoice_id_f74c08c6; Type: INDEX; Schema: public; Owner: makeeasyhmis
--

CREATE INDEX billing_invoiceitem_invoice_id_f74c08c6 ON public.billing_invoiceitem USING btree (invoice_id);


--
-- Name: billing_invoiceitem_item_id_bc9d2c7f; Type: INDEX; Schema: public; Owner: makeeasyhmis
--

CREATE INDEX billing_invoiceitem_item_id_bc9d2c7f ON public.billing_invoiceitem USING btree (item_id);


--
-- Name: billing_invoiceitem_payment_mode_id_b0658db8; Type: INDEX; Schema: public; Owner: makeeasyhmis
--

CREATE INDEX billing_invoiceitem_payment_mode_id_b0658db8 ON public.billing_invoiceitem USING btree (payment_mode_id);


--
-- Name: billing_paymentmode_insurance_id_61f7d8d1; Type: INDEX; Schema: public; Owner: makeeasyhmis
--

CREATE INDEX billing_paymentmode_insurance_id_61f7d8d1 ON public.billing_paymentmode USING btree (insurance_id);


--
-- Name: company_companybranch_company_id_a4d9d00d; Type: INDEX; Schema: public; Owner: makeeasyhmis
--

CREATE INDEX company_companybranch_company_id_a4d9d00d ON public.company_companybranch USING btree (company_id);


--
-- Name: customuser_customuser_email_b6d92bd7_like; Type: INDEX; Schema: public; Owner: makeeasyhmis
--

CREATE INDEX customuser_customuser_email_b6d92bd7_like ON public.customuser_customuser USING btree (email varchar_pattern_ops);


--
-- Name: customuser_customuser_group_id_6b0f43ed; Type: INDEX; Schema: public; Owner: makeeasyhmis
--

CREATE INDEX customuser_customuser_group_id_6b0f43ed ON public.customuser_customuser USING btree (group_id);


--
-- Name: customuser_customuser_user_permissions_customuser_id_01c8f09a; Type: INDEX; Schema: public; Owner: makeeasyhmis
--

CREATE INDEX customuser_customuser_user_permissions_customuser_id_01c8f09a ON public.customuser_customuser_user_permissions USING btree (customuser_id);


--
-- Name: customuser_customuser_user_permissions_permission_id_8466901b; Type: INDEX; Schema: public; Owner: makeeasyhmis
--

CREATE INDEX customuser_customuser_user_permissions_permission_id_8466901b ON public.customuser_customuser_user_permissions USING btree (permission_id);


--
-- Name: django_admin_log_content_type_id_c4bce8eb; Type: INDEX; Schema: public; Owner: makeeasyhmis
--

CREATE INDEX django_admin_log_content_type_id_c4bce8eb ON public.django_admin_log USING btree (content_type_id);


--
-- Name: django_admin_log_user_id_c564eba6; Type: INDEX; Schema: public; Owner: makeeasyhmis
--

CREATE INDEX django_admin_log_user_id_c564eba6 ON public.django_admin_log USING btree (user_id);


--
-- Name: django_session_expire_date_a5c62663; Type: INDEX; Schema: public; Owner: makeeasyhmis
--

CREATE INDEX django_session_expire_date_a5c62663 ON public.django_session USING btree (expire_date);


--
-- Name: django_session_session_key_c0390e0f_like; Type: INDEX; Schema: public; Owner: makeeasyhmis
--

CREATE INDEX django_session_session_key_c0390e0f_like ON public.django_session USING btree (session_key varchar_pattern_ops);


--
-- Name: inventory_departmentinventory_department_id_98537bbb; Type: INDEX; Schema: public; Owner: makeeasyhmis
--

CREATE INDEX inventory_departmentinventory_department_id_98537bbb ON public.inventory_departmentinventory USING btree (department_id);


--
-- Name: inventory_departmentinventory_item_id_e4b3bab4; Type: INDEX; Schema: public; Owner: makeeasyhmis
--

CREATE INDEX inventory_departmentinventory_item_id_e4b3bab4 ON public.inventory_departmentinventory USING btree (item_id);


--
-- Name: inventory_incomingitem_item_id_c6c0f42a; Type: INDEX; Schema: public; Owner: makeeasyhmis
--

CREATE INDEX inventory_incomingitem_item_id_c6c0f42a ON public.inventory_incomingitem USING btree (item_id);


--
-- Name: inventory_incomingitem_purchase_order_id_8e1727ec; Type: INDEX; Schema: public; Owner: makeeasyhmis
--

CREATE INDEX inventory_incomingitem_purchase_order_id_8e1727ec ON public.inventory_incomingitem USING btree (purchase_order_id);


--
-- Name: inventory_incomingitem_supplier_id_f6cb5cba; Type: INDEX; Schema: public; Owner: makeeasyhmis
--

CREATE INDEX inventory_incomingitem_supplier_id_f6cb5cba ON public.inventory_incomingitem USING btree (supplier_id);


--
-- Name: inventory_inventory_item_id_c77b66a4; Type: INDEX; Schema: public; Owner: makeeasyhmis
--

CREATE INDEX inventory_inventory_item_id_c77b66a4 ON public.inventory_inventory USING btree (item_id);


--
-- Name: inventory_inventoryinsuran_insurance_company_id_227e7519; Type: INDEX; Schema: public; Owner: makeeasyhmis
--

CREATE INDEX inventory_inventoryinsuran_insurance_company_id_227e7519 ON public.inventory_inventoryinsurancesaleprice USING btree (insurance_company_id);


--
-- Name: inventory_inventoryinsuran_inventory_item_id_b9cbadbd; Type: INDEX; Schema: public; Owner: makeeasyhmis
--

CREATE INDEX inventory_inventoryinsuran_inventory_item_id_b9cbadbd ON public.inventory_inventoryinsurancesaleprice USING btree (inventory_item_id);


--
-- Name: inventory_item_item_code_193714bb_like; Type: INDEX; Schema: public; Owner: makeeasyhmis
--

CREATE INDEX inventory_item_item_code_193714bb_like ON public.inventory_item USING btree (item_code varchar_pattern_ops);


--
-- Name: inventory_purchaseorder_PO_number_3664e063_like; Type: INDEX; Schema: public; Owner: makeeasyhmis
--

CREATE INDEX "inventory_purchaseorder_PO_number_3664e063_like" ON public.inventory_purchaseorder USING btree ("PO_number" varchar_pattern_ops);


--
-- Name: inventory_purchaseorder_approved_by_id_847a5f10; Type: INDEX; Schema: public; Owner: makeeasyhmis
--

CREATE INDEX inventory_purchaseorder_approved_by_id_847a5f10 ON public.inventory_purchaseorder USING btree (approved_by_id);


--
-- Name: inventory_purchaseorder_ordered_by_id_77bb8a4c; Type: INDEX; Schema: public; Owner: makeeasyhmis
--

CREATE INDEX inventory_purchaseorder_ordered_by_id_77bb8a4c ON public.inventory_purchaseorder USING btree (ordered_by_id);


--
-- Name: inventory_purchaseorder_requisition_id_9c566a7a; Type: INDEX; Schema: public; Owner: makeeasyhmis
--

CREATE INDEX inventory_purchaseorder_requisition_id_9c566a7a ON public.inventory_purchaseorder USING btree (requisition_id);


--
-- Name: inventory_purchaseorderitem_purchase_order_id_af9dd3c5; Type: INDEX; Schema: public; Owner: makeeasyhmis
--

CREATE INDEX inventory_purchaseorderitem_purchase_order_id_af9dd3c5 ON public.inventory_purchaseorderitem USING btree (purchase_order_id);


--
-- Name: inventory_purchaseorderitem_requisition_item_id_d2e738e6; Type: INDEX; Schema: public; Owner: makeeasyhmis
--

CREATE INDEX inventory_purchaseorderitem_requisition_item_id_d2e738e6 ON public.inventory_purchaseorderitem USING btree (requisition_item_id);


--
-- Name: inventory_purchaseorderitem_supplier_id_29a93229; Type: INDEX; Schema: public; Owner: makeeasyhmis
--

CREATE INDEX inventory_purchaseorderitem_supplier_id_29a93229 ON public.inventory_purchaseorderitem USING btree (supplier_id);


--
-- Name: inventory_requisition_approved_by_id_1e447995; Type: INDEX; Schema: public; Owner: makeeasyhmis
--

CREATE INDEX inventory_requisition_approved_by_id_1e447995 ON public.inventory_requisition USING btree (approved_by_id);


--
-- Name: inventory_requisition_department_id_3844ce75; Type: INDEX; Schema: public; Owner: makeeasyhmis
--

CREATE INDEX inventory_requisition_department_id_3844ce75 ON public.inventory_requisition USING btree (department_id);


--
-- Name: inventory_requisition_requested_by_id_c6cd37e2; Type: INDEX; Schema: public; Owner: makeeasyhmis
--

CREATE INDEX inventory_requisition_requested_by_id_c6cd37e2 ON public.inventory_requisition USING btree (requested_by_id);


--
-- Name: inventory_requisition_requisition_number_4b3c61f7_like; Type: INDEX; Schema: public; Owner: makeeasyhmis
--

CREATE INDEX inventory_requisition_requisition_number_4b3c61f7_like ON public.inventory_requisition USING btree (requisition_number varchar_pattern_ops);


--
-- Name: inventory_requisitionitem_item_id_545ce601; Type: INDEX; Schema: public; Owner: makeeasyhmis
--

CREATE INDEX inventory_requisitionitem_item_id_545ce601 ON public.inventory_requisitionitem USING btree (item_id);


--
-- Name: inventory_requisitionitem_requisition_id_2f3a75cc; Type: INDEX; Schema: public; Owner: makeeasyhmis
--

CREATE INDEX inventory_requisitionitem_requisition_id_2f3a75cc ON public.inventory_requisitionitem USING btree (requisition_id);


--
-- Name: inventory_requisitionitem_supplier_id_158ddc40; Type: INDEX; Schema: public; Owner: makeeasyhmis
--

CREATE INDEX inventory_requisitionitem_supplier_id_158ddc40 ON public.inventory_requisitionitem USING btree (preferred_supplier_id);


--
-- Name: laboratory_equipmenttestrequest_equipment_id_63e11fe3; Type: INDEX; Schema: public; Owner: makeeasyhmis
--

CREATE INDEX laboratory_equipmenttestrequest_equipment_id_63e11fe3 ON public.laboratory_equipmenttestrequest USING btree (equipment_id);


--
-- Name: laboratory_equipmenttestrequest_test_request_panel_id_4716e292; Type: INDEX; Schema: public; Owner: makeeasyhmis
--

CREATE INDEX laboratory_equipmenttestrequest_test_request_panel_id_4716e292 ON public.laboratory_equipmenttestrequest USING btree (test_request_panel_id);


--
-- Name: laboratory_labreagent_item_number_id_f294bb83; Type: INDEX; Schema: public; Owner: makeeasyhmis
--

CREATE INDEX laboratory_labreagent_item_number_id_f294bb83 ON public.laboratory_labreagent USING btree (item_number_id);


--
-- Name: laboratory_labtestpanel_item_id_99570c6a; Type: INDEX; Schema: public; Owner: makeeasyhmis
--

CREATE INDEX laboratory_labtestpanel_item_id_99570c6a ON public.laboratory_labtestpanel USING btree (item_id);


--
-- Name: laboratory_labtestpanel_specimen_id_eb859708; Type: INDEX; Schema: public; Owner: makeeasyhmis
--

CREATE INDEX laboratory_labtestpanel_specimen_id_eb859708 ON public.laboratory_labtestpanel USING btree (specimen_id);


--
-- Name: laboratory_labtestpanel_test_profile_id_5d56877a; Type: INDEX; Schema: public; Owner: makeeasyhmis
--

CREATE INDEX laboratory_labtestpanel_test_profile_id_5d56877a ON public.laboratory_labtestpanel USING btree (test_profile_id);


--
-- Name: laboratory_labtestrequest_process_id_74f43287; Type: INDEX; Schema: public; Owner: makeeasyhmis
--

CREATE INDEX laboratory_labtestrequest_process_id_74f43287 ON public.laboratory_labtestrequest USING btree (process_id);


--
-- Name: laboratory_labtestrequest_requested_by_id_81970e4e; Type: INDEX; Schema: public; Owner: makeeasyhmis
--

CREATE INDEX laboratory_labtestrequest_requested_by_id_81970e4e ON public.laboratory_labtestrequest USING btree (requested_by_id);


--
-- Name: laboratory_labtestrequest_test_profile_id_7563428f; Type: INDEX; Schema: public; Owner: makeeasyhmis
--

CREATE INDEX laboratory_labtestrequest_test_profile_id_7563428f ON public.laboratory_labtestrequest USING btree (test_profile_id);


--
-- Name: laboratory_labtestrequestpanel_lab_test_request_id_d883068c; Type: INDEX; Schema: public; Owner: makeeasyhmis
--

CREATE INDEX laboratory_labtestrequestpanel_lab_test_request_id_d883068c ON public.laboratory_labtestrequestpanel USING btree (lab_test_request_id);


--
-- Name: laboratory_labtestrequestpanel_patient_sample_id_0c047936; Type: INDEX; Schema: public; Owner: makeeasyhmis
--

CREATE INDEX laboratory_labtestrequestpanel_patient_sample_id_0c047936 ON public.laboratory_labtestrequestpanel USING btree (patient_sample_id);


--
-- Name: laboratory_labtestrequestpanel_test_panel_id_2ced0f76; Type: INDEX; Schema: public; Owner: makeeasyhmis
--

CREATE INDEX laboratory_labtestrequestpanel_test_panel_id_2ced0f76 ON public.laboratory_labtestrequestpanel USING btree (test_panel_id);


--
-- Name: laboratory_patientsample_lab_test_request_id_20b67566; Type: INDEX; Schema: public; Owner: makeeasyhmis
--

CREATE INDEX laboratory_patientsample_lab_test_request_id_20b67566 ON public.laboratory_patientsample USING btree (lab_test_request_id);


--
-- Name: laboratory_patientsample_process_id_b2dd66c6; Type: INDEX; Schema: public; Owner: makeeasyhmis
--

CREATE INDEX laboratory_patientsample_process_id_b2dd66c6 ON public.laboratory_patientsample USING btree (process_id);


--
-- Name: laboratory_patientsample_specimen_id_7bf16c47; Type: INDEX; Schema: public; Owner: makeeasyhmis
--

CREATE INDEX laboratory_patientsample_specimen_id_7bf16c47 ON public.laboratory_patientsample USING btree (specimen_id);


--
-- Name: laboratory_publiclabtestrequest_test_profile_id_baee7741; Type: INDEX; Schema: public; Owner: makeeasyhmis
--

CREATE INDEX laboratory_publiclabtestrequest_test_profile_id_baee7741 ON public.laboratory_publiclabtestrequest USING btree (test_profile_id);


--
-- Name: laboratory_referencevalue_lab_test_panel_id_109baa4a; Type: INDEX; Schema: public; Owner: makeeasyhmis
--

CREATE INDEX laboratory_referencevalue_lab_test_panel_id_109baa4a ON public.laboratory_referencevalue USING btree (lab_test_panel_id);


--
-- Name: patient_appointment_assigned_doctor_id_be0f082c; Type: INDEX; Schema: public; Owner: makeeasyhmis
--

CREATE INDEX patient_appointment_assigned_doctor_id_be0f082c ON public.patient_appointment USING btree (assigned_doctor_id);


--
-- Name: patient_appointment_item_id_b2db89a9; Type: INDEX; Schema: public; Owner: makeeasyhmis
--

CREATE INDEX patient_appointment_item_id_b2db89a9 ON public.patient_appointment USING btree (item_id);


--
-- Name: patient_appointment_patient_id_5003de55; Type: INDEX; Schema: public; Owner: makeeasyhmis
--

CREATE INDEX patient_appointment_patient_id_5003de55 ON public.patient_appointment USING btree (patient_id);


--
-- Name: patient_attendanceprocess_doctor_id_a46a3f20; Type: INDEX; Schema: public; Owner: makeeasyhmis
--

CREATE INDEX patient_attendanceprocess_doctor_id_a46a3f20 ON public.patient_attendanceprocess USING btree (doctor_id);


--
-- Name: patient_attendanceprocess_lab_tech_id_c75b7634; Type: INDEX; Schema: public; Owner: makeeasyhmis
--

CREATE INDEX patient_attendanceprocess_lab_tech_id_c75b7634 ON public.patient_attendanceprocess USING btree (lab_tech_id);


--
-- Name: patient_attendanceprocess_patient_id_960e5f40; Type: INDEX; Schema: public; Owner: makeeasyhmis
--

CREATE INDEX patient_attendanceprocess_patient_id_960e5f40 ON public.patient_attendanceprocess USING btree (patient_id);


--
-- Name: patient_attendanceprocess_pharmacist_id_32d151fd; Type: INDEX; Schema: public; Owner: makeeasyhmis
--

CREATE INDEX patient_attendanceprocess_pharmacist_id_32d151fd ON public.patient_attendanceprocess USING btree (pharmacist_id);


--
-- Name: patient_attendanceprocess_track_number_423a7523_like; Type: INDEX; Schema: public; Owner: makeeasyhmis
--

CREATE INDEX patient_attendanceprocess_track_number_423a7523_like ON public.patient_attendanceprocess USING btree (track_number varchar_pattern_ops);


--
-- Name: patient_consultation_doctor_id_f5fa3591; Type: INDEX; Schema: public; Owner: makeeasyhmis
--

CREATE INDEX patient_consultation_doctor_id_f5fa3591 ON public.patient_consultation USING btree (doctor_id);


--
-- Name: patient_consultation_patient_id_cac0ba54; Type: INDEX; Schema: public; Owner: makeeasyhmis
--

CREATE INDEX patient_consultation_patient_id_cac0ba54 ON public.patient_consultation USING btree (patient_id);


--
-- Name: patient_nextofkin_contacts_id_ca4837a0; Type: INDEX; Schema: public; Owner: makeeasyhmis
--

CREATE INDEX patient_nextofkin_contacts_id_ca4837a0 ON public.patient_nextofkin USING btree (contacts_id);


--
-- Name: patient_nextofkin_patient_id_337b3347; Type: INDEX; Schema: public; Owner: makeeasyhmis
--

CREATE INDEX patient_nextofkin_patient_id_337b3347 ON public.patient_nextofkin USING btree (patient_id);


--
-- Name: patient_patient_insurances_insurancecompany_id_0059449c; Type: INDEX; Schema: public; Owner: makeeasyhmis
--

CREATE INDEX patient_patient_insurances_insurancecompany_id_0059449c ON public.patient_patient_insurances USING btree (insurancecompany_id);


--
-- Name: patient_patient_insurances_patient_id_4465b863; Type: INDEX; Schema: public; Owner: makeeasyhmis
--

CREATE INDEX patient_patient_insurances_patient_id_4465b863 ON public.patient_patient_insurances USING btree (patient_id);


--
-- Name: patient_patient_unique_id_ef1b95c4_like; Type: INDEX; Schema: public; Owner: makeeasyhmis
--

CREATE INDEX patient_patient_unique_id_ef1b95c4_like ON public.patient_patient USING btree (unique_id varchar_pattern_ops);


--
-- Name: patient_prescribeddrug_item_id_0f5ad389; Type: INDEX; Schema: public; Owner: makeeasyhmis
--

CREATE INDEX patient_prescribeddrug_item_id_0f5ad389 ON public.patient_prescribeddrug USING btree (item_id);


--
-- Name: patient_prescribeddrug_prescription_id_d84723cd; Type: INDEX; Schema: public; Owner: makeeasyhmis
--

CREATE INDEX patient_prescribeddrug_prescription_id_d84723cd ON public.patient_prescribeddrug USING btree (prescription_id);


--
-- Name: patient_prescription_created_by_id_e40117b2; Type: INDEX; Schema: public; Owner: makeeasyhmis
--

CREATE INDEX patient_prescription_created_by_id_e40117b2 ON public.patient_prescription USING btree (created_by_id);


--
-- Name: patient_publicappointment_item_id_ba979004; Type: INDEX; Schema: public; Owner: makeeasyhmis
--

CREATE INDEX patient_publicappointment_item_id_ba979004 ON public.patient_publicappointment USING btree (item_id);


--
-- Name: patient_referral_referred_by_id_32fac04e; Type: INDEX; Schema: public; Owner: makeeasyhmis
--

CREATE INDEX patient_referral_referred_by_id_32fac04e ON public.patient_referral USING btree (referred_by_id);


--
-- Name: pharmacy_publicprescriptionrequest_patient_id_987b919a; Type: INDEX; Schema: public; Owner: makeeasyhmis
--

CREATE INDEX pharmacy_publicprescriptionrequest_patient_id_987b919a ON public.pharmacy_publicprescriptionrequest USING btree (patient_id);


--
-- Name: announcement_announcement announcement_announc_channel_id_18f9e49b_fk_announcem; Type: FK CONSTRAINT; Schema: public; Owner: makeeasyhmis
--

ALTER TABLE ONLY public.announcement_announcement
    ADD CONSTRAINT announcement_announc_channel_id_18f9e49b_fk_announcem FOREIGN KEY (channel_id) REFERENCES public.announcement_channel(id) DEFERRABLE INITIALLY DEFERRED;


--
-- Name: announcement_announcement announcement_announc_created_by_id_f633b89a_fk_customuse; Type: FK CONSTRAINT; Schema: public; Owner: makeeasyhmis
--

ALTER TABLE ONLY public.announcement_announcement
    ADD CONSTRAINT announcement_announc_created_by_id_f633b89a_fk_customuse FOREIGN KEY (created_by_id) REFERENCES public.customuser_customuser(id) DEFERRABLE INITIALLY DEFERRED;


--
-- Name: announcement_comment announcement_comment_announcement_id_aedb86ed_fk_announcem; Type: FK CONSTRAINT; Schema: public; Owner: makeeasyhmis
--

ALTER TABLE ONLY public.announcement_comment
    ADD CONSTRAINT announcement_comment_announcement_id_aedb86ed_fk_announcem FOREIGN KEY (announcement_id) REFERENCES public.announcement_announcement(id) DEFERRABLE INITIALLY DEFERRED;


--
-- Name: announcement_comment announcement_comment_created_by_id_7adad29b_fk_customuse; Type: FK CONSTRAINT; Schema: public; Owner: makeeasyhmis
--

ALTER TABLE ONLY public.announcement_comment
    ADD CONSTRAINT announcement_comment_created_by_id_7adad29b_fk_customuse FOREIGN KEY (created_by_id) REFERENCES public.customuser_customuser(id) DEFERRABLE INITIALLY DEFERRED;


--
-- Name: auth_group_permissions auth_group_permissio_permission_id_84c5c92e_fk_auth_perm; Type: FK CONSTRAINT; Schema: public; Owner: makeeasyhmis
--

ALTER TABLE ONLY public.auth_group_permissions
    ADD CONSTRAINT auth_group_permissio_permission_id_84c5c92e_fk_auth_perm FOREIGN KEY (permission_id) REFERENCES public.auth_permission(id) DEFERRABLE INITIALLY DEFERRED;


--
-- Name: auth_group_permissions auth_group_permissions_group_id_b120cbf9_fk_auth_group_id; Type: FK CONSTRAINT; Schema: public; Owner: makeeasyhmis
--

ALTER TABLE ONLY public.auth_group_permissions
    ADD CONSTRAINT auth_group_permissions_group_id_b120cbf9_fk_auth_group_id FOREIGN KEY (group_id) REFERENCES public.auth_group(id) DEFERRABLE INITIALLY DEFERRED;


--
-- Name: auth_permission auth_permission_content_type_id_2f476e4b_fk_django_co; Type: FK CONSTRAINT; Schema: public; Owner: makeeasyhmis
--

ALTER TABLE ONLY public.auth_permission
    ADD CONSTRAINT auth_permission_content_type_id_2f476e4b_fk_django_co FOREIGN KEY (content_type_id) REFERENCES public.django_content_type(id) DEFERRABLE INITIALLY DEFERRED;


--
-- Name: authperms_group_permissions authperms_group_perm_group_id_d67f0a71_fk_authperms; Type: FK CONSTRAINT; Schema: public; Owner: makeeasyhmis
--

ALTER TABLE ONLY public.authperms_group_permissions
    ADD CONSTRAINT authperms_group_perm_group_id_d67f0a71_fk_authperms FOREIGN KEY (group_id) REFERENCES public.authperms_group(id) DEFERRABLE INITIALLY DEFERRED;


--
-- Name: authperms_group_permissions authperms_group_perm_permission_id_0463ebc8_fk_authperms; Type: FK CONSTRAINT; Schema: public; Owner: makeeasyhmis
--

ALTER TABLE ONLY public.authperms_group_permissions
    ADD CONSTRAINT authperms_group_perm_permission_id_0463ebc8_fk_authperms FOREIGN KEY (permission_id) REFERENCES public.authperms_permission(id) DEFERRABLE INITIALLY DEFERRED;


--
-- Name: billing_invoice billing_invoice_patient_id_62776827_fk_patient_patient_id; Type: FK CONSTRAINT; Schema: public; Owner: makeeasyhmis
--

ALTER TABLE ONLY public.billing_invoice
    ADD CONSTRAINT billing_invoice_patient_id_62776827_fk_patient_patient_id FOREIGN KEY (patient_id) REFERENCES public.patient_patient(id) DEFERRABLE INITIALLY DEFERRED;


--
-- Name: billing_invoiceitem billing_invoiceitem_invoice_id_f74c08c6_fk_billing_invoice_id; Type: FK CONSTRAINT; Schema: public; Owner: makeeasyhmis
--

ALTER TABLE ONLY public.billing_invoiceitem
    ADD CONSTRAINT billing_invoiceitem_invoice_id_f74c08c6_fk_billing_invoice_id FOREIGN KEY (invoice_id) REFERENCES public.billing_invoice(id) DEFERRABLE INITIALLY DEFERRED;


--
-- Name: billing_invoiceitem billing_invoiceitem_item_id_bc9d2c7f_fk; Type: FK CONSTRAINT; Schema: public; Owner: makeeasyhmis
--

ALTER TABLE ONLY public.billing_invoiceitem
    ADD CONSTRAINT billing_invoiceitem_item_id_bc9d2c7f_fk FOREIGN KEY (item_id) REFERENCES public.inventory_item(id) DEFERRABLE INITIALLY DEFERRED;


--
-- Name: billing_invoiceitem billing_invoiceitem_payment_mode_id_b0658db8_fk_billing_p; Type: FK CONSTRAINT; Schema: public; Owner: makeeasyhmis
--

ALTER TABLE ONLY public.billing_invoiceitem
    ADD CONSTRAINT billing_invoiceitem_payment_mode_id_b0658db8_fk_billing_p FOREIGN KEY (payment_mode_id) REFERENCES public.billing_paymentmode(id) DEFERRABLE INITIALLY DEFERRED;


--
-- Name: billing_paymentmode billing_paymentmode_insurance_id_61f7d8d1_fk_company_i; Type: FK CONSTRAINT; Schema: public; Owner: makeeasyhmis
--

ALTER TABLE ONLY public.billing_paymentmode
    ADD CONSTRAINT billing_paymentmode_insurance_id_61f7d8d1_fk_company_i FOREIGN KEY (insurance_id) REFERENCES public.company_insurancecompany(id) DEFERRABLE INITIALLY DEFERRED;


--
-- Name: company_companybranch company_companybranch_company_id_a4d9d00d_fk_company_company_id; Type: FK CONSTRAINT; Schema: public; Owner: makeeasyhmis
--

ALTER TABLE ONLY public.company_companybranch
    ADD CONSTRAINT company_companybranch_company_id_a4d9d00d_fk_company_company_id FOREIGN KEY (company_id) REFERENCES public.company_company(id) DEFERRABLE INITIALLY DEFERRED;


--
-- Name: customuser_customuser_user_permissions customuser_customuse_customuser_id_01c8f09a_fk_customuse; Type: FK CONSTRAINT; Schema: public; Owner: makeeasyhmis
--

ALTER TABLE ONLY public.customuser_customuser_user_permissions
    ADD CONSTRAINT customuser_customuse_customuser_id_01c8f09a_fk_customuse FOREIGN KEY (customuser_id) REFERENCES public.customuser_customuser(id) DEFERRABLE INITIALLY DEFERRED;


--
-- Name: customuser_customuser_user_permissions customuser_customuse_permission_id_8466901b_fk_authperms; Type: FK CONSTRAINT; Schema: public; Owner: makeeasyhmis
--

ALTER TABLE ONLY public.customuser_customuser_user_permissions
    ADD CONSTRAINT customuser_customuse_permission_id_8466901b_fk_authperms FOREIGN KEY (permission_id) REFERENCES public.authperms_permission(id) DEFERRABLE INITIALLY DEFERRED;


--
-- Name: customuser_customuser customuser_customuser_group_id_6b0f43ed_fk_authperms_group_id; Type: FK CONSTRAINT; Schema: public; Owner: makeeasyhmis
--

ALTER TABLE ONLY public.customuser_customuser
    ADD CONSTRAINT customuser_customuser_group_id_6b0f43ed_fk_authperms_group_id FOREIGN KEY (group_id) REFERENCES public.authperms_group(id) DEFERRABLE INITIALLY DEFERRED;


--
-- Name: customuser_doctorprofile customuser_doctorpro_user_id_378f56f6_fk_customuse; Type: FK CONSTRAINT; Schema: public; Owner: makeeasyhmis
--

ALTER TABLE ONLY public.customuser_doctorprofile
    ADD CONSTRAINT customuser_doctorpro_user_id_378f56f6_fk_customuse FOREIGN KEY (user_id) REFERENCES public.customuser_customuser(id) DEFERRABLE INITIALLY DEFERRED;


--
-- Name: customuser_labtechprofile customuser_labtechpr_user_id_e9cf1057_fk_customuse; Type: FK CONSTRAINT; Schema: public; Owner: makeeasyhmis
--

ALTER TABLE ONLY public.customuser_labtechprofile
    ADD CONSTRAINT customuser_labtechpr_user_id_e9cf1057_fk_customuse FOREIGN KEY (user_id) REFERENCES public.customuser_customuser(id) DEFERRABLE INITIALLY DEFERRED;


--
-- Name: customuser_nurseprofile customuser_nurseprof_user_id_6bf4e67a_fk_customuse; Type: FK CONSTRAINT; Schema: public; Owner: makeeasyhmis
--

ALTER TABLE ONLY public.customuser_nurseprofile
    ADD CONSTRAINT customuser_nurseprof_user_id_6bf4e67a_fk_customuse FOREIGN KEY (user_id) REFERENCES public.customuser_customuser(id) DEFERRABLE INITIALLY DEFERRED;


--
-- Name: customuser_receptionistprofile customuser_reception_user_id_00c7c51e_fk_customuse; Type: FK CONSTRAINT; Schema: public; Owner: makeeasyhmis
--

ALTER TABLE ONLY public.customuser_receptionistprofile
    ADD CONSTRAINT customuser_reception_user_id_00c7c51e_fk_customuse FOREIGN KEY (user_id) REFERENCES public.customuser_customuser(id) DEFERRABLE INITIALLY DEFERRED;


--
-- Name: customuser_sysadminprofile customuser_sysadminp_user_id_19cfe52d_fk_customuse; Type: FK CONSTRAINT; Schema: public; Owner: makeeasyhmis
--

ALTER TABLE ONLY public.customuser_sysadminprofile
    ADD CONSTRAINT customuser_sysadminp_user_id_19cfe52d_fk_customuse FOREIGN KEY (user_id) REFERENCES public.customuser_customuser(id) DEFERRABLE INITIALLY DEFERRED;


--
-- Name: django_admin_log django_admin_log_content_type_id_c4bce8eb_fk_django_co; Type: FK CONSTRAINT; Schema: public; Owner: makeeasyhmis
--

ALTER TABLE ONLY public.django_admin_log
    ADD CONSTRAINT django_admin_log_content_type_id_c4bce8eb_fk_django_co FOREIGN KEY (content_type_id) REFERENCES public.django_content_type(id) DEFERRABLE INITIALLY DEFERRED;


--
-- Name: django_admin_log django_admin_log_user_id_c564eba6_fk_customuser_customuser_id; Type: FK CONSTRAINT; Schema: public; Owner: makeeasyhmis
--

ALTER TABLE ONLY public.django_admin_log
    ADD CONSTRAINT django_admin_log_user_id_c564eba6_fk_customuser_customuser_id FOREIGN KEY (user_id) REFERENCES public.customuser_customuser(id) DEFERRABLE INITIALLY DEFERRED;


--
-- Name: inventory_departmentinventory inventory_department_department_id_98537bbb_fk_inventory; Type: FK CONSTRAINT; Schema: public; Owner: makeeasyhmis
--

ALTER TABLE ONLY public.inventory_departmentinventory
    ADD CONSTRAINT inventory_department_department_id_98537bbb_fk_inventory FOREIGN KEY (department_id) REFERENCES public.inventory_department(id) DEFERRABLE INITIALLY DEFERRED;


--
-- Name: inventory_departmentinventory inventory_departmentinventory_item_id_e4b3bab4_fk; Type: FK CONSTRAINT; Schema: public; Owner: makeeasyhmis
--

ALTER TABLE ONLY public.inventory_departmentinventory
    ADD CONSTRAINT inventory_departmentinventory_item_id_e4b3bab4_fk FOREIGN KEY (item_id) REFERENCES public.inventory_item(id) DEFERRABLE INITIALLY DEFERRED;


--
-- Name: inventory_incomingitem inventory_incomingit_purchase_order_id_8e1727ec_fk_inventory; Type: FK CONSTRAINT; Schema: public; Owner: makeeasyhmis
--

ALTER TABLE ONLY public.inventory_incomingitem
    ADD CONSTRAINT inventory_incomingit_purchase_order_id_8e1727ec_fk_inventory FOREIGN KEY (purchase_order_id) REFERENCES public.inventory_purchaseorder(id) DEFERRABLE INITIALLY DEFERRED;


--
-- Name: inventory_incomingitem inventory_incomingit_supplier_id_f6cb5cba_fk_inventory; Type: FK CONSTRAINT; Schema: public; Owner: makeeasyhmis
--

ALTER TABLE ONLY public.inventory_incomingitem
    ADD CONSTRAINT inventory_incomingit_supplier_id_f6cb5cba_fk_inventory FOREIGN KEY (supplier_id) REFERENCES public.inventory_supplier(id) DEFERRABLE INITIALLY DEFERRED;


--
-- Name: inventory_incomingitem inventory_incomingitem_item_id_c6c0f42a_fk; Type: FK CONSTRAINT; Schema: public; Owner: makeeasyhmis
--

ALTER TABLE ONLY public.inventory_incomingitem
    ADD CONSTRAINT inventory_incomingitem_item_id_c6c0f42a_fk FOREIGN KEY (item_id) REFERENCES public.inventory_item(id) DEFERRABLE INITIALLY DEFERRED;


--
-- Name: inventory_inventory inventory_inventory_item_id_c77b66a4_fk; Type: FK CONSTRAINT; Schema: public; Owner: makeeasyhmis
--

ALTER TABLE ONLY public.inventory_inventory
    ADD CONSTRAINT inventory_inventory_item_id_c77b66a4_fk FOREIGN KEY (item_id) REFERENCES public.inventory_item(id) DEFERRABLE INITIALLY DEFERRED;


--
-- Name: inventory_inventoryinsurancesaleprice inventory_inventoryi_insurance_company_id_227e7519_fk_company_i; Type: FK CONSTRAINT; Schema: public; Owner: makeeasyhmis
--

ALTER TABLE ONLY public.inventory_inventoryinsurancesaleprice
    ADD CONSTRAINT inventory_inventoryi_insurance_company_id_227e7519_fk_company_i FOREIGN KEY (insurance_company_id) REFERENCES public.company_insurancecompany(id) DEFERRABLE INITIALLY DEFERRED;


--
-- Name: inventory_inventoryinsurancesaleprice inventory_inventoryi_inventory_item_id_b9cbadbd_fk_inventory; Type: FK CONSTRAINT; Schema: public; Owner: makeeasyhmis
--

ALTER TABLE ONLY public.inventory_inventoryinsurancesaleprice
    ADD CONSTRAINT inventory_inventoryi_inventory_item_id_b9cbadbd_fk_inventory FOREIGN KEY (inventory_item_id) REFERENCES public.inventory_inventory(id) DEFERRABLE INITIALLY DEFERRED;


--
-- Name: inventory_purchaseorder inventory_purchaseor_approved_by_id_847a5f10_fk_customuse; Type: FK CONSTRAINT; Schema: public; Owner: makeeasyhmis
--

ALTER TABLE ONLY public.inventory_purchaseorder
    ADD CONSTRAINT inventory_purchaseor_approved_by_id_847a5f10_fk_customuse FOREIGN KEY (approved_by_id) REFERENCES public.customuser_customuser(id) DEFERRABLE INITIALLY DEFERRED;


--
-- Name: inventory_purchaseorder inventory_purchaseor_ordered_by_id_77bb8a4c_fk_customuse; Type: FK CONSTRAINT; Schema: public; Owner: makeeasyhmis
--

ALTER TABLE ONLY public.inventory_purchaseorder
    ADD CONSTRAINT inventory_purchaseor_ordered_by_id_77bb8a4c_fk_customuse FOREIGN KEY (ordered_by_id) REFERENCES public.customuser_customuser(id) DEFERRABLE INITIALLY DEFERRED;


--
-- Name: inventory_purchaseorderitem inventory_purchaseor_purchase_order_id_af9dd3c5_fk_inventory; Type: FK CONSTRAINT; Schema: public; Owner: makeeasyhmis
--

ALTER TABLE ONLY public.inventory_purchaseorderitem
    ADD CONSTRAINT inventory_purchaseor_purchase_order_id_af9dd3c5_fk_inventory FOREIGN KEY (purchase_order_id) REFERENCES public.inventory_purchaseorder(id) DEFERRABLE INITIALLY DEFERRED;


--
-- Name: inventory_purchaseorder inventory_purchaseor_requisition_id_9c566a7a_fk_inventory; Type: FK CONSTRAINT; Schema: public; Owner: makeeasyhmis
--

ALTER TABLE ONLY public.inventory_purchaseorder
    ADD CONSTRAINT inventory_purchaseor_requisition_id_9c566a7a_fk_inventory FOREIGN KEY (requisition_id) REFERENCES public.inventory_requisition(id) DEFERRABLE INITIALLY DEFERRED;


--
-- Name: inventory_purchaseorderitem inventory_purchaseor_requisition_item_id_d2e738e6_fk_inventory; Type: FK CONSTRAINT; Schema: public; Owner: makeeasyhmis
--

ALTER TABLE ONLY public.inventory_purchaseorderitem
    ADD CONSTRAINT inventory_purchaseor_requisition_item_id_d2e738e6_fk_inventory FOREIGN KEY (requisition_item_id) REFERENCES public.inventory_requisitionitem(id) DEFERRABLE INITIALLY DEFERRED;


--
-- Name: inventory_purchaseorderitem inventory_purchaseor_supplier_id_29a93229_fk_inventory; Type: FK CONSTRAINT; Schema: public; Owner: makeeasyhmis
--

ALTER TABLE ONLY public.inventory_purchaseorderitem
    ADD CONSTRAINT inventory_purchaseor_supplier_id_29a93229_fk_inventory FOREIGN KEY (supplier_id) REFERENCES public.inventory_supplier(id) DEFERRABLE INITIALLY DEFERRED;


--
-- Name: inventory_requisition inventory_requisitio_approved_by_id_1e447995_fk_customuse; Type: FK CONSTRAINT; Schema: public; Owner: makeeasyhmis
--

ALTER TABLE ONLY public.inventory_requisition
    ADD CONSTRAINT inventory_requisitio_approved_by_id_1e447995_fk_customuse FOREIGN KEY (approved_by_id) REFERENCES public.customuser_customuser(id) DEFERRABLE INITIALLY DEFERRED;


--
-- Name: inventory_requisition inventory_requisitio_department_id_3844ce75_fk_inventory; Type: FK CONSTRAINT; Schema: public; Owner: makeeasyhmis
--

ALTER TABLE ONLY public.inventory_requisition
    ADD CONSTRAINT inventory_requisitio_department_id_3844ce75_fk_inventory FOREIGN KEY (department_id) REFERENCES public.inventory_department(id) DEFERRABLE INITIALLY DEFERRED;


--
-- Name: inventory_requisitionitem inventory_requisitio_preferred_supplier_i_0ddc0e7d_fk_inventory; Type: FK CONSTRAINT; Schema: public; Owner: makeeasyhmis
--

ALTER TABLE ONLY public.inventory_requisitionitem
    ADD CONSTRAINT inventory_requisitio_preferred_supplier_i_0ddc0e7d_fk_inventory FOREIGN KEY (preferred_supplier_id) REFERENCES public.inventory_supplier(id) DEFERRABLE INITIALLY DEFERRED;


--
-- Name: inventory_requisition inventory_requisitio_requested_by_id_c6cd37e2_fk_customuse; Type: FK CONSTRAINT; Schema: public; Owner: makeeasyhmis
--

ALTER TABLE ONLY public.inventory_requisition
    ADD CONSTRAINT inventory_requisitio_requested_by_id_c6cd37e2_fk_customuse FOREIGN KEY (requested_by_id) REFERENCES public.customuser_customuser(id) DEFERRABLE INITIALLY DEFERRED;


--
-- Name: inventory_requisitionitem inventory_requisitio_requisition_id_2f3a75cc_fk_inventory; Type: FK CONSTRAINT; Schema: public; Owner: makeeasyhmis
--

ALTER TABLE ONLY public.inventory_requisitionitem
    ADD CONSTRAINT inventory_requisitio_requisition_id_2f3a75cc_fk_inventory FOREIGN KEY (requisition_id) REFERENCES public.inventory_requisition(id) DEFERRABLE INITIALLY DEFERRED;


--
-- Name: inventory_requisitionitem inventory_requisitionitem_item_id_545ce601_fk; Type: FK CONSTRAINT; Schema: public; Owner: makeeasyhmis
--

ALTER TABLE ONLY public.inventory_requisitionitem
    ADD CONSTRAINT inventory_requisitionitem_item_id_545ce601_fk FOREIGN KEY (item_id) REFERENCES public.inventory_item(id) DEFERRABLE INITIALLY DEFERRED;


--
-- Name: laboratory_equipmenttestrequest laboratory_equipment_equipment_id_63e11fe3_fk_laborator; Type: FK CONSTRAINT; Schema: public; Owner: makeeasyhmis
--

ALTER TABLE ONLY public.laboratory_equipmenttestrequest
    ADD CONSTRAINT laboratory_equipment_equipment_id_63e11fe3_fk_laborator FOREIGN KEY (equipment_id) REFERENCES public.laboratory_labequipment(id) DEFERRABLE INITIALLY DEFERRED;


--
-- Name: laboratory_equipmenttestrequest laboratory_equipment_test_request_panel_i_4716e292_fk_laborator; Type: FK CONSTRAINT; Schema: public; Owner: makeeasyhmis
--

ALTER TABLE ONLY public.laboratory_equipmenttestrequest
    ADD CONSTRAINT laboratory_equipment_test_request_panel_i_4716e292_fk_laborator FOREIGN KEY (test_request_panel_id) REFERENCES public.laboratory_labtestrequestpanel(id) DEFERRABLE INITIALLY DEFERRED;


--
-- Name: laboratory_labreagent laboratory_labreagent_item_number_id_f294bb83_fk; Type: FK CONSTRAINT; Schema: public; Owner: makeeasyhmis
--

ALTER TABLE ONLY public.laboratory_labreagent
    ADD CONSTRAINT laboratory_labreagent_item_number_id_f294bb83_fk FOREIGN KEY (item_number_id) REFERENCES public.inventory_item(id) DEFERRABLE INITIALLY DEFERRED;


--
-- Name: laboratory_labtestpanel laboratory_labtestpa_specimen_id_eb859708_fk_laborator; Type: FK CONSTRAINT; Schema: public; Owner: makeeasyhmis
--

ALTER TABLE ONLY public.laboratory_labtestpanel
    ADD CONSTRAINT laboratory_labtestpa_specimen_id_eb859708_fk_laborator FOREIGN KEY (specimen_id) REFERENCES public.laboratory_specimen(id) DEFERRABLE INITIALLY DEFERRED;


--
-- Name: laboratory_labtestpanel laboratory_labtestpa_test_profile_id_5d56877a_fk_laborator; Type: FK CONSTRAINT; Schema: public; Owner: makeeasyhmis
--

ALTER TABLE ONLY public.laboratory_labtestpanel
    ADD CONSTRAINT laboratory_labtestpa_test_profile_id_5d56877a_fk_laborator FOREIGN KEY (test_profile_id) REFERENCES public.laboratory_labtestprofile(id) DEFERRABLE INITIALLY DEFERRED;


--
-- Name: laboratory_labtestpanel laboratory_labtestpanel_item_id_99570c6a_fk; Type: FK CONSTRAINT; Schema: public; Owner: makeeasyhmis
--

ALTER TABLE ONLY public.laboratory_labtestpanel
    ADD CONSTRAINT laboratory_labtestpanel_item_id_99570c6a_fk FOREIGN KEY (item_id) REFERENCES public.inventory_item(id) DEFERRABLE INITIALLY DEFERRED;


--
-- Name: laboratory_labtestrequestpanel laboratory_labtestre_lab_test_request_id_d883068c_fk_laborator; Type: FK CONSTRAINT; Schema: public; Owner: makeeasyhmis
--

ALTER TABLE ONLY public.laboratory_labtestrequestpanel
    ADD CONSTRAINT laboratory_labtestre_lab_test_request_id_d883068c_fk_laborator FOREIGN KEY (lab_test_request_id) REFERENCES public.laboratory_labtestrequest(id) DEFERRABLE INITIALLY DEFERRED;


--
-- Name: laboratory_labtestrequestpanel laboratory_labtestre_patient_sample_id_0c047936_fk_laborator; Type: FK CONSTRAINT; Schema: public; Owner: makeeasyhmis
--

ALTER TABLE ONLY public.laboratory_labtestrequestpanel
    ADD CONSTRAINT laboratory_labtestre_patient_sample_id_0c047936_fk_laborator FOREIGN KEY (patient_sample_id) REFERENCES public.laboratory_patientsample(id) DEFERRABLE INITIALLY DEFERRED;


--
-- Name: laboratory_labtestrequest laboratory_labtestre_process_id_74f43287_fk_laborator; Type: FK CONSTRAINT; Schema: public; Owner: makeeasyhmis
--

ALTER TABLE ONLY public.laboratory_labtestrequest
    ADD CONSTRAINT laboratory_labtestre_process_id_74f43287_fk_laborator FOREIGN KEY (process_id) REFERENCES public.laboratory_processtestrequest(id) DEFERRABLE INITIALLY DEFERRED;


--
-- Name: laboratory_labtestrequest laboratory_labtestre_requested_by_id_81970e4e_fk_customuse; Type: FK CONSTRAINT; Schema: public; Owner: makeeasyhmis
--

ALTER TABLE ONLY public.laboratory_labtestrequest
    ADD CONSTRAINT laboratory_labtestre_requested_by_id_81970e4e_fk_customuse FOREIGN KEY (requested_by_id) REFERENCES public.customuser_customuser(id) DEFERRABLE INITIALLY DEFERRED;


--
-- Name: laboratory_labtestrequestpanel laboratory_labtestre_test_panel_id_2ced0f76_fk_laborator; Type: FK CONSTRAINT; Schema: public; Owner: makeeasyhmis
--

ALTER TABLE ONLY public.laboratory_labtestrequestpanel
    ADD CONSTRAINT laboratory_labtestre_test_panel_id_2ced0f76_fk_laborator FOREIGN KEY (test_panel_id) REFERENCES public.laboratory_labtestpanel(id) DEFERRABLE INITIALLY DEFERRED;


--
-- Name: laboratory_labtestrequest laboratory_labtestre_test_profile_id_7563428f_fk_laborator; Type: FK CONSTRAINT; Schema: public; Owner: makeeasyhmis
--

ALTER TABLE ONLY public.laboratory_labtestrequest
    ADD CONSTRAINT laboratory_labtestre_test_profile_id_7563428f_fk_laborator FOREIGN KEY (test_profile_id) REFERENCES public.laboratory_labtestprofile(id) DEFERRABLE INITIALLY DEFERRED;


--
-- Name: laboratory_patientsample laboratory_patientsa_lab_test_request_id_20b67566_fk_laborator; Type: FK CONSTRAINT; Schema: public; Owner: makeeasyhmis
--

ALTER TABLE ONLY public.laboratory_patientsample
    ADD CONSTRAINT laboratory_patientsa_lab_test_request_id_20b67566_fk_laborator FOREIGN KEY (lab_test_request_id) REFERENCES public.laboratory_labtestrequest(id) DEFERRABLE INITIALLY DEFERRED;


--
-- Name: laboratory_patientsample laboratory_patientsa_process_id_b2dd66c6_fk_laborator; Type: FK CONSTRAINT; Schema: public; Owner: makeeasyhmis
--

ALTER TABLE ONLY public.laboratory_patientsample
    ADD CONSTRAINT laboratory_patientsa_process_id_b2dd66c6_fk_laborator FOREIGN KEY (process_id) REFERENCES public.laboratory_processtestrequest(id) DEFERRABLE INITIALLY DEFERRED;


--
-- Name: laboratory_patientsample laboratory_patientsa_specimen_id_7bf16c47_fk_laborator; Type: FK CONSTRAINT; Schema: public; Owner: makeeasyhmis
--

ALTER TABLE ONLY public.laboratory_patientsample
    ADD CONSTRAINT laboratory_patientsa_specimen_id_7bf16c47_fk_laborator FOREIGN KEY (specimen_id) REFERENCES public.laboratory_specimen(id) DEFERRABLE INITIALLY DEFERRED;


--
-- Name: laboratory_publiclabtestrequest laboratory_publiclab_test_profile_id_baee7741_fk_laborator; Type: FK CONSTRAINT; Schema: public; Owner: makeeasyhmis
--

ALTER TABLE ONLY public.laboratory_publiclabtestrequest
    ADD CONSTRAINT laboratory_publiclab_test_profile_id_baee7741_fk_laborator FOREIGN KEY (test_profile_id) REFERENCES public.laboratory_labtestprofile(id) DEFERRABLE INITIALLY DEFERRED;


--
-- Name: laboratory_referencevalue laboratory_reference_lab_test_panel_id_109baa4a_fk_laborator; Type: FK CONSTRAINT; Schema: public; Owner: makeeasyhmis
--

ALTER TABLE ONLY public.laboratory_referencevalue
    ADD CONSTRAINT laboratory_reference_lab_test_panel_id_109baa4a_fk_laborator FOREIGN KEY (lab_test_panel_id) REFERENCES public.laboratory_labtestpanel(id) DEFERRABLE INITIALLY DEFERRED;


--
-- Name: patient_appointment patient_appointment_assigned_doctor_id_be0f082c_fk_customuse; Type: FK CONSTRAINT; Schema: public; Owner: makeeasyhmis
--

ALTER TABLE ONLY public.patient_appointment
    ADD CONSTRAINT patient_appointment_assigned_doctor_id_be0f082c_fk_customuse FOREIGN KEY (assigned_doctor_id) REFERENCES public.customuser_customuser(id) DEFERRABLE INITIALLY DEFERRED;


--
-- Name: patient_appointment patient_appointment_item_id_b2db89a9_fk; Type: FK CONSTRAINT; Schema: public; Owner: makeeasyhmis
--

ALTER TABLE ONLY public.patient_appointment
    ADD CONSTRAINT patient_appointment_item_id_b2db89a9_fk FOREIGN KEY (item_id) REFERENCES public.inventory_item(id) DEFERRABLE INITIALLY DEFERRED;


--
-- Name: patient_appointment patient_appointment_patient_id_5003de55_fk_patient_patient_id; Type: FK CONSTRAINT; Schema: public; Owner: makeeasyhmis
--

ALTER TABLE ONLY public.patient_appointment
    ADD CONSTRAINT patient_appointment_patient_id_5003de55_fk_patient_patient_id FOREIGN KEY (patient_id) REFERENCES public.patient_patient(id) DEFERRABLE INITIALLY DEFERRED;


--
-- Name: patient_attendanceprocess patient_attendancepr_doctor_id_a46a3f20_fk_customuse; Type: FK CONSTRAINT; Schema: public; Owner: makeeasyhmis
--

ALTER TABLE ONLY public.patient_attendanceprocess
    ADD CONSTRAINT patient_attendancepr_doctor_id_a46a3f20_fk_customuse FOREIGN KEY (doctor_id) REFERENCES public.customuser_customuser(id) DEFERRABLE INITIALLY DEFERRED;


--
-- Name: patient_attendanceprocess patient_attendancepr_invoice_id_1a3ada2b_fk_billing_i; Type: FK CONSTRAINT; Schema: public; Owner: makeeasyhmis
--

ALTER TABLE ONLY public.patient_attendanceprocess
    ADD CONSTRAINT patient_attendancepr_invoice_id_1a3ada2b_fk_billing_i FOREIGN KEY (invoice_id) REFERENCES public.billing_invoice(id) DEFERRABLE INITIALLY DEFERRED;


--
-- Name: patient_attendanceprocess patient_attendancepr_lab_tech_id_c75b7634_fk_customuse; Type: FK CONSTRAINT; Schema: public; Owner: makeeasyhmis
--

ALTER TABLE ONLY public.patient_attendanceprocess
    ADD CONSTRAINT patient_attendancepr_lab_tech_id_c75b7634_fk_customuse FOREIGN KEY (lab_tech_id) REFERENCES public.customuser_customuser(id) DEFERRABLE INITIALLY DEFERRED;


--
-- Name: patient_attendanceprocess patient_attendancepr_patient_id_960e5f40_fk_patient_p; Type: FK CONSTRAINT; Schema: public; Owner: makeeasyhmis
--

ALTER TABLE ONLY public.patient_attendanceprocess
    ADD CONSTRAINT patient_attendancepr_patient_id_960e5f40_fk_patient_p FOREIGN KEY (patient_id) REFERENCES public.patient_patient(id) DEFERRABLE INITIALLY DEFERRED;


--
-- Name: patient_attendanceprocess patient_attendancepr_pharmacist_id_32d151fd_fk_customuse; Type: FK CONSTRAINT; Schema: public; Owner: makeeasyhmis
--

ALTER TABLE ONLY public.patient_attendanceprocess
    ADD CONSTRAINT patient_attendancepr_pharmacist_id_32d151fd_fk_customuse FOREIGN KEY (pharmacist_id) REFERENCES public.customuser_customuser(id) DEFERRABLE INITIALLY DEFERRED;


--
-- Name: patient_attendanceprocess patient_attendancepr_prescription_id_c63095b0_fk_patient_p; Type: FK CONSTRAINT; Schema: public; Owner: makeeasyhmis
--

ALTER TABLE ONLY public.patient_attendanceprocess
    ADD CONSTRAINT patient_attendancepr_prescription_id_c63095b0_fk_patient_p FOREIGN KEY (prescription_id) REFERENCES public.patient_prescription(id) DEFERRABLE INITIALLY DEFERRED;


--
-- Name: patient_attendanceprocess patient_attendancepr_process_test_req_id_89a83efc_fk_laborator; Type: FK CONSTRAINT; Schema: public; Owner: makeeasyhmis
--

ALTER TABLE ONLY public.patient_attendanceprocess
    ADD CONSTRAINT patient_attendancepr_process_test_req_id_89a83efc_fk_laborator FOREIGN KEY (process_test_req_id) REFERENCES public.laboratory_processtestrequest(id) DEFERRABLE INITIALLY DEFERRED;


--
-- Name: patient_attendanceprocess patient_attendancepr_triage_id_c9d1fecc_fk_patient_t; Type: FK CONSTRAINT; Schema: public; Owner: makeeasyhmis
--

ALTER TABLE ONLY public.patient_attendanceprocess
    ADD CONSTRAINT patient_attendancepr_triage_id_c9d1fecc_fk_patient_t FOREIGN KEY (triage_id) REFERENCES public.patient_triage(id) DEFERRABLE INITIALLY DEFERRED;


--
-- Name: patient_consultation patient_consultation_doctor_id_f5fa3591_fk_customuse; Type: FK CONSTRAINT; Schema: public; Owner: makeeasyhmis
--

ALTER TABLE ONLY public.patient_consultation
    ADD CONSTRAINT patient_consultation_doctor_id_f5fa3591_fk_customuse FOREIGN KEY (doctor_id) REFERENCES public.customuser_customuser(id) DEFERRABLE INITIALLY DEFERRED;


--
-- Name: patient_consultation patient_consultation_patient_id_cac0ba54_fk_patient_patient_id; Type: FK CONSTRAINT; Schema: public; Owner: makeeasyhmis
--

ALTER TABLE ONLY public.patient_consultation
    ADD CONSTRAINT patient_consultation_patient_id_cac0ba54_fk_patient_patient_id FOREIGN KEY (patient_id) REFERENCES public.patient_patient(id) DEFERRABLE INITIALLY DEFERRED;


--
-- Name: patient_nextofkin patient_nextofkin_contacts_id_ca4837a0_fk_patient_c; Type: FK CONSTRAINT; Schema: public; Owner: makeeasyhmis
--

ALTER TABLE ONLY public.patient_nextofkin
    ADD CONSTRAINT patient_nextofkin_contacts_id_ca4837a0_fk_patient_c FOREIGN KEY (contacts_id) REFERENCES public.patient_contactdetails(id) DEFERRABLE INITIALLY DEFERRED;


--
-- Name: patient_nextofkin patient_nextofkin_patient_id_337b3347_fk_patient_patient_id; Type: FK CONSTRAINT; Schema: public; Owner: makeeasyhmis
--

ALTER TABLE ONLY public.patient_nextofkin
    ADD CONSTRAINT patient_nextofkin_patient_id_337b3347_fk_patient_patient_id FOREIGN KEY (patient_id) REFERENCES public.patient_patient(id) DEFERRABLE INITIALLY DEFERRED;


--
-- Name: patient_patient_insurances patient_patient_insu_insurancecompany_id_0059449c_fk_company_i; Type: FK CONSTRAINT; Schema: public; Owner: makeeasyhmis
--

ALTER TABLE ONLY public.patient_patient_insurances
    ADD CONSTRAINT patient_patient_insu_insurancecompany_id_0059449c_fk_company_i FOREIGN KEY (insurancecompany_id) REFERENCES public.company_insurancecompany(id) DEFERRABLE INITIALLY DEFERRED;


--
-- Name: patient_patient_insurances patient_patient_insu_patient_id_4465b863_fk_patient_p; Type: FK CONSTRAINT; Schema: public; Owner: makeeasyhmis
--

ALTER TABLE ONLY public.patient_patient_insurances
    ADD CONSTRAINT patient_patient_insu_patient_id_4465b863_fk_patient_p FOREIGN KEY (patient_id) REFERENCES public.patient_patient(id) DEFERRABLE INITIALLY DEFERRED;


--
-- Name: patient_patient patient_patient_user_id_40c1c82a_fk_customuser_customuser_id; Type: FK CONSTRAINT; Schema: public; Owner: makeeasyhmis
--

ALTER TABLE ONLY public.patient_patient
    ADD CONSTRAINT patient_patient_user_id_40c1c82a_fk_customuser_customuser_id FOREIGN KEY (user_id) REFERENCES public.customuser_customuser(id) DEFERRABLE INITIALLY DEFERRED;


--
-- Name: patient_prescribeddrug patient_prescribeddr_prescription_id_d84723cd_fk_patient_p; Type: FK CONSTRAINT; Schema: public; Owner: makeeasyhmis
--

ALTER TABLE ONLY public.patient_prescribeddrug
    ADD CONSTRAINT patient_prescribeddr_prescription_id_d84723cd_fk_patient_p FOREIGN KEY (prescription_id) REFERENCES public.patient_prescription(id) DEFERRABLE INITIALLY DEFERRED;


--
-- Name: patient_prescribeddrug patient_prescribeddrug_item_id_0f5ad389_fk; Type: FK CONSTRAINT; Schema: public; Owner: makeeasyhmis
--

ALTER TABLE ONLY public.patient_prescribeddrug
    ADD CONSTRAINT patient_prescribeddrug_item_id_0f5ad389_fk FOREIGN KEY (item_id) REFERENCES public.inventory_item(id) DEFERRABLE INITIALLY DEFERRED;


--
-- Name: patient_prescription patient_prescription_created_by_id_e40117b2_fk_customuse; Type: FK CONSTRAINT; Schema: public; Owner: makeeasyhmis
--

ALTER TABLE ONLY public.patient_prescription
    ADD CONSTRAINT patient_prescription_created_by_id_e40117b2_fk_customuse FOREIGN KEY (created_by_id) REFERENCES public.customuser_customuser(id) DEFERRABLE INITIALLY DEFERRED;


--
-- Name: patient_publicappointment patient_publicappointment_item_id_ba979004_fk; Type: FK CONSTRAINT; Schema: public; Owner: makeeasyhmis
--

ALTER TABLE ONLY public.patient_publicappointment
    ADD CONSTRAINT patient_publicappointment_item_id_ba979004_fk FOREIGN KEY (item_id) REFERENCES public.inventory_item(id) DEFERRABLE INITIALLY DEFERRED;


--
-- Name: patient_referral patient_referral_referred_by_id_32fac04e_fk_customuse; Type: FK CONSTRAINT; Schema: public; Owner: makeeasyhmis
--

ALTER TABLE ONLY public.patient_referral
    ADD CONSTRAINT patient_referral_referred_by_id_32fac04e_fk_customuse FOREIGN KEY (referred_by_id) REFERENCES public.customuser_customuser(id) DEFERRABLE INITIALLY DEFERRED;


--
-- Name: pharmacy_publicprescriptionrequest pharmacy_publicpresc_patient_id_987b919a_fk_patient_p; Type: FK CONSTRAINT; Schema: public; Owner: makeeasyhmis
--

ALTER TABLE ONLY public.pharmacy_publicprescriptionrequest
    ADD CONSTRAINT pharmacy_publicpresc_patient_id_987b919a_fk_patient_p FOREIGN KEY (patient_id) REFERENCES public.patient_patient(id) DEFERRABLE INITIALLY DEFERRED;


--
-- PostgreSQL database dump complete
--

